Student_ID,Degree_Type,Course,10th_Marks,12th_Marks,UG_CGPA,PG_CGPA,Programming_Skills,Communication_Skills,Internships,Projects,Backlogs,Placement_Status
STU0001,UG,BTech,64.46,98.19,7.92,0.0,67.0,71.0,0,2,0,Placed
STU0002,PG,MTech,65.08,77.45,9.8,9.8,99.0,43.0,0,4,0,Placed
STU0003,PG,MBA,72.28,59.84,5.29,5.0,63.0,38.0,1,2,1,Not Placed
STU0004,UG,BCA,79.41,79.48,7.46,0.0,72.0,27.0,1,3,0,Placed
STU0005,UG,BCA,85.96,40.0,8.27,0.0,100.0,78.0,0,3,0,Placed
STU0006,UG,BCA,65.36,72.05,7.65,0.0,84.0,55.0,0,4,0,Placed
STU0007,UG,BCA,92.91,76.59,7.36,0.0,41.0,100.0,1,2,0,Not Placed
STU0008,PG,MBA,71.75,84.94,5.94,5.89,51.0,47.0,1,2,1,Not Placed
STU0009,UG,BTech,74.74,57.81,7.78,0.0,69.0,48.0,3,3,0,Placed
STU0010,PG,MTech,66.03,73.2,6.59,6.41,73.0,55.0,1,4,0,Placed
STU0011,UG,BTech,45.91,59.04,4.87,0.0,20.0,69.0,1,2,4,Not Placed
STU0012,PG,Others,85.61,75.58,8.93,8.33,100.0,57.0,1,4,0,Placed
STU0013,PG,Others,83.84,59.47,8.65,8.87,97.0,76.0,2,4,0,Placed
STU0014,UG,BTech,71.62,66.29,7.56,0.0,78.0,47.0,2,3,0,Placed
STU0015,UG,BCA,75.8,58.06,7.77,0.0,95.0,40.0,0,4,0,Placed
STU0016,UG,Others,81.19,81.12,8.79,0.0,100.0,33.0,0,4,0,Placed
STU0017,UG,BTech,56.25,84.02,7.77,0.0,91.0,25.0,0,3,0,Not Placed
STU0018,UG,BTech,68.65,68.72,8.58,0.0,100.0,56.0,1,2,1,Not Placed
STU0019,UG,Others,84.53,72.54,7.14,0.0,73.0,60.0,1,2,0,Not Placed
STU0020,UG,BTech,59.95,51.72,9.07,0.0,89.0,54.0,1,3,0,Placed
STU0021,UG,BCA,78.52,67.8,7.88,0.0,72.0,87.0,0,3,0,Not Placed
STU0022,UG,BTech,58.72,71.3,7.73,0.0,65.0,87.0,1,0,0,Not Placed
STU0023,UG,Others,80.6,99.0,5.98,0.0,49.0,59.0,2,1,4,Not Placed
STU0024,UG,Others,74.57,56.43,7.84,0.0,58.0,33.0,0,0,0,Not Placed
STU0025,UG,Others,55.62,92.5,6.5,0.0,64.0,55.0,1,3,0,Not Placed
STU0026,PG,MTech,88.98,85.96,6.73,6.41,42.0,54.0,1,2,0,Placed
STU0027,UG,BCA,66.18,75.93,6.52,0.0,68.0,53.0,2,3,0,Placed
STU0028,UG,BCA,65.28,96.62,6.22,0.0,62.0,52.0,2,0,2,Not Placed
STU0029,UG,BTech,77.41,77.21,9.8,0.0,100.0,53.0,1,3,0,Placed
STU0030,UG,BCA,88.78,77.45,9.1,0.0,83.0,58.0,1,3,0,Placed
STU0031,UG,BTech,62.81,71.26,9.8,0.0,100.0,54.0,2,2,0,Placed
STU0032,UG,BTech,75.74,89.13,6.03,0.0,81.0,69.0,1,4,1,Not Placed
STU0033,UG,BTech,80.15,87.35,7.59,0.0,57.0,71.0,0,1,0,Not Placed
STU0034,PG,MCA,83.32,63.24,5.95,6.34,67.0,49.0,1,0,4,Not Placed
STU0035,PG,MCA,77.12,53.53,6.67,6.03,58.0,88.0,0,1,1,Not Placed
STU0036,PG,MBA,70.6,69.16,6.4,7.43,59.0,47.0,0,2,1,Not Placed
STU0037,UG,BTech,65.07,60.8,8.99,0.0,70.0,36.0,2,1,0,Not Placed
STU0038,UG,BCA,76.03,71.11,7.02,0.0,77.0,72.0,1,5,1,Not Placed
STU0039,UG,BTech,62.13,89.32,8.78,0.0,78.0,50.0,1,4,0,Placed
STU0040,UG,BTech,40.0,65.6,8.22,0.0,97.0,71.0,0,3,0,Placed
STU0041,UG,BTech,80.24,71.4,9.8,0.0,100.0,22.0,0,2,0,Not Placed
STU0042,UG,BCA,85.85,72.81,5.72,0.0,78.0,90.0,0,2,1,Not Placed
STU0043,UG,BTech,46.64,83.88,9.01,0.0,77.0,77.0,0,2,0,Placed
STU0044,PG,MBA,62.88,40.54,8.88,8.34,96.0,38.0,1,4,0,Placed
STU0045,UG,BCA,82.43,63.51,6.33,0.0,73.0,38.0,0,3,1,Not Placed
STU0046,UG,BCA,99.0,74.96,8.71,0.0,80.0,95.0,1,4,0,Placed
STU0047,UG,BTech,75.25,88.8,7.9,0.0,67.0,52.0,0,1,0,Not Placed
STU0048,UG,BTech,66.26,65.11,7.23,0.0,96.0,50.0,3,4,0,Placed
STU0049,UG,BCA,72.81,45.73,6.51,0.0,69.0,24.0,0,2,0,Not Placed
STU0050,UG,BTech,91.5,80.68,6.64,0.0,76.0,59.0,0,2,0,Not Placed
STU0051,PG,MBA,67.25,63.1,9.8,9.8,86.0,61.0,0,3,1,Placed
STU0052,PG,MTech,65.41,55.34,7.5,7.98,62.0,78.0,1,0,0,Placed
STU0053,PG,Others,69.21,63.26,8.44,8.1,76.0,40.0,1,2,0,Placed
STU0054,PG,MBA,63.56,69.42,6.55,7.06,69.0,38.0,1,2,0,Placed
STU0055,UG,Others,76.47,63.53,6.56,0.0,50.0,73.0,1,0,0,Not Placed
STU0056,PG,MCA,94.5,41.12,8.8,8.06,88.0,83.0,0,4,0,Placed
STU0057,UG,BCA,78.88,84.56,5.88,0.0,33.0,37.0,1,1,3,Not Placed
STU0058,UG,BTech,71.97,89.85,7.0,0.0,53.0,84.0,1,1,0,Not Placed
STU0059,UG,BTech,71.5,81.12,7.54,0.0,85.0,66.0,0,4,0,Placed
STU0060,UG,BCA,56.24,56.07,7.63,0.0,85.0,85.0,0,3,0,Placed
STU0061,UG,BCA,85.6,69.18,7.29,0.0,67.0,64.0,0,1,0,Not Placed
STU0062,UG,Others,74.07,71.91,7.97,0.0,64.0,20.0,0,0,0,Not Placed
STU0063,PG,MBA,72.83,80.38,8.33,9.2,77.0,62.0,1,3,0,Placed
STU0064,UG,BTech,99.0,81.36,8.38,0.0,78.0,84.0,0,2,0,Not Placed
STU0065,UG,BTech,78.59,61.72,6.32,0.0,73.0,49.0,0,3,3,Not Placed
STU0066,UG,BCA,65.98,73.15,7.16,0.0,86.0,58.0,0,4,0,Placed
STU0067,UG,BTech,69.88,78.4,8.93,0.0,82.0,62.0,3,3,0,Placed
STU0068,PG,MCA,88.78,92.38,8.57,8.58,68.0,20.0,2,1,0,Placed
STU0069,UG,BTech,76.36,81.86,5.85,0.0,63.0,95.0,0,0,3,Not Placed
STU0070,PG,MCA,57.74,83.05,7.92,7.56,67.0,49.0,0,2,1,Placed
STU0071,PG,MCA,86.03,73.17,5.13,5.0,44.0,74.0,0,1,4,Not Placed
STU0072,UG,BTech,66.98,91.75,7.56,0.0,95.0,63.0,1,3,0,Not Placed
STU0073,UG,BTech,97.48,77.74,9.78,0.0,100.0,88.0,0,5,0,Placed
STU0074,PG,MCA,87.96,59.94,6.36,6.85,71.0,72.0,1,2,0,Placed
STU0075,PG,Others,69.63,91.65,6.5,6.15,46.0,61.0,1,2,0,Not Placed
STU0076,PG,MTech,90.37,81.77,8.42,7.97,87.0,49.0,2,5,0,Placed
STU0077,PG,MCA,75.81,65.8,5.65,5.52,72.0,79.0,0,4,2,Not Placed
STU0078,UG,BCA,85.23,65.29,6.74,0.0,62.0,31.0,2,1,0,Not Placed
STU0079,UG,BTech,80.82,76.15,8.22,0.0,100.0,77.0,1,4,0,Placed
STU0080,UG,Others,64.84,78.48,6.74,0.0,87.0,45.0,0,4,1,Not Placed
STU0081,PG,MBA,67.28,74.76,7.22,6.51,97.0,88.0,0,5,0,Placed
STU0082,UG,BTech,87.36,76.36,8.39,0.0,88.0,68.0,0,2,0,Placed
STU0083,UG,BTech,70.98,95.8,8.01,0.0,89.0,77.0,0,4,0,Placed
STU0084,UG,BCA,70.16,87.0,7.82,0.0,99.0,66.0,0,3,0,Not Placed
STU0085,UG,Others,63.54,74.67,7.09,0.0,78.0,33.0,1,2,0,Placed
STU0086,UG,BTech,80.08,85.18,7.94,0.0,72.0,50.0,1,3,0,Placed
STU0087,PG,MBA,99.0,57.54,7.35,8.44,78.0,77.0,2,4,0,Placed
STU0088,UG,BTech,62.19,77.57,8.05,0.0,84.0,68.0,0,3,0,Placed
STU0089,PG,Others,75.29,97.33,6.9,6.56,50.0,86.0,3,1,0,Placed
STU0090,UG,BTech,91.95,68.95,7.28,0.0,71.0,72.0,0,5,1,Not Placed
STU0091,UG,Others,74.04,60.13,6.31,0.0,80.0,48.0,1,3,4,Not Placed
STU0092,PG,MBA,80.43,62.87,7.46,7.96,47.0,51.0,0,0,0,Not Placed
STU0093,PG,MBA,62.25,56.75,6.53,6.66,90.0,67.0,0,3,0,Placed
STU0094,UG,BTech,80.14,61.01,6.16,0.0,78.0,23.0,2,3,2,Not Placed
STU0095,PG,MCA,72.75,66.81,7.81,7.22,71.0,95.0,0,4,0,Placed
STU0096,UG,BTech,86.83,52.32,7.76,0.0,86.0,73.0,1,5,0,Placed
STU0097,UG,BTech,89.25,72.22,8.44,0.0,84.0,87.0,1,3,0,Placed
STU0098,UG,BTech,99.0,84.63,6.98,0.0,88.0,37.0,1,4,0,Placed
STU0099,UG,BCA,81.96,59.29,7.99,0.0,95.0,87.0,1,2,0,Not Placed
STU0100,UG,BTech,78.91,93.27,8.16,0.0,61.0,100.0,1,0,2,Not Placed
STU0101,UG,BTech,77.33,79.15,8.03,0.0,89.0,41.0,0,3,0,Not Placed
STU0102,UG,Others,70.76,86.43,6.51,0.0,62.0,79.0,1,1,0,Not Placed
STU0103,UG,BCA,79.06,62.79,7.68,0.0,78.0,65.0,2,3,0,Placed
STU0104,UG,Others,71.46,83.96,7.94,0.0,68.0,37.0,0,1,0,Not Placed
STU0105,PG,Others,77.02,56.71,7.51,7.51,100.0,74.0,0,2,0,Placed
STU0106,UG,BTech,90.81,84.46,5.0,0.0,66.0,80.0,1,0,1,Not Placed
STU0107,UG,BTech,62.92,74.41,7.69,0.0,66.0,54.0,1,0,0,Not Placed
STU0108,PG,MBA,88.68,79.75,9.8,9.8,78.0,86.0,1,3,2,Placed
STU0109,UG,BCA,90.81,55.54,7.07,0.0,65.0,35.0,0,1,0,Not Placed
STU0110,UG,BTech,73.58,59.47,6.63,0.0,73.0,38.0,1,4,0,Placed
STU0111,UG,BCA,49.54,80.36,7.95,0.0,83.0,67.0,0,3,0,Not Placed
STU0112,UG,BTech,67.71,58.72,7.87,0.0,97.0,65.0,1,5,0,Placed
STU0113,PG,MCA,90.56,78.48,8.93,8.82,100.0,52.0,1,4,0,Placed
STU0114,PG,MTech,74.73,52.86,5.99,6.71,82.0,80.0,0,3,0,Placed
STU0115,UG,BTech,63.01,83.87,8.38,0.0,89.0,75.0,1,2,0,Placed
STU0116,PG,MTech,68.94,54.74,8.21,8.82,67.0,80.0,3,3,0,Placed
STU0117,PG,MCA,85.09,79.73,7.33,7.88,76.0,63.0,1,3,0,Placed
STU0118,UG,BCA,81.56,80.76,7.91,0.0,95.0,76.0,2,4,0,Placed
STU0119,PG,MCA,72.13,62.25,8.74,8.46,87.0,57.0,1,4,0,Placed
STU0120,UG,BTech,70.6,80.15,8.55,0.0,93.0,100.0,1,4,0,Placed
STU0121,PG,MBA,70.3,75.65,6.13,5.48,57.0,50.0,0,2,1,Not Placed
STU0122,PG,Others,63.93,64.46,8.48,8.11,69.0,100.0,0,1,0,Placed
STU0123,UG,BCA,94.38,57.88,7.42,0.0,72.0,66.0,0,2,0,Not Placed
STU0124,UG,BCA,71.13,44.52,7.59,0.0,81.0,40.0,1,4,0,Placed
STU0125,UG,BCA,89.61,76.9,7.59,0.0,66.0,90.0,2,0,0,Not Placed
STU0126,UG,BTech,93.26,50.09,7.32,0.0,70.0,67.0,0,2,0,Not Placed
STU0127,PG,MCA,86.98,73.33,8.93,9.05,76.0,80.0,1,5,0,Placed
STU0128,PG,MTech,69.82,68.31,7.4,7.73,94.0,87.0,1,4,0,Placed
STU0129,UG,BTech,79.84,81.51,6.16,0.0,57.0,71.0,1,2,2,Not Placed
STU0130,UG,BTech,74.71,67.77,7.03,0.0,92.0,54.0,0,3,2,Not Placed
STU0131,UG,BCA,64.16,67.39,7.71,0.0,100.0,83.0,1,3,0,Placed
STU0132,UG,BTech,78.89,82.25,8.98,0.0,89.0,65.0,0,3,0,Not Placed
STU0133,UG,BTech,60.85,76.69,8.22,0.0,67.0,77.0,0,1,0,Not Placed
STU0134,UG,BTech,89.25,76.43,6.48,0.0,34.0,26.0,3,0,2,Not Placed
STU0135,PG,MBA,69.42,78.57,9.8,8.5,76.0,73.0,0,4,0,Placed
STU0136,UG,BTech,77.41,50.5,7.82,0.0,58.0,54.0,0,0,0,Not Placed
STU0137,UG,BCA,78.4,82.6,9.03,0.0,100.0,95.0,2,3,1,Placed
STU0138,PG,MTech,71.89,80.57,7.32,7.32,75.0,76.0,0,4,0,Placed
STU0139,UG,BTech,82.04,57.77,8.14,0.0,87.0,69.0,1,3,0,Placed
STU0140,PG,MTech,69.3,68.58,8.51,8.6,53.0,74.0,0,3,0,Placed
STU0141,PG,MBA,85.46,71.45,8.96,8.79,72.0,47.0,0,4,0,Placed
STU0142,UG,BTech,58.85,70.12,8.77,0.0,100.0,94.0,0,4,0,Placed
STU0143,UG,BCA,76.52,76.67,8.55,0.0,90.0,100.0,0,3,0,Placed
STU0144,UG,BTech,98.27,92.04,7.12,0.0,69.0,72.0,1,0,0,Placed
STU0145,UG,BTech,63.0,87.14,6.81,0.0,77.0,94.0,1,2,0,Placed
STU0146,UG,BCA,66.87,53.63,7.9,0.0,100.0,55.0,1,5,0,Placed
STU0147,UG,BCA,81.17,80.71,8.62,0.0,83.0,51.0,2,2,0,Placed
STU0148,UG,BCA,77.15,90.61,7.23,0.0,73.0,66.0,0,2,0,Placed
STU0149,UG,BCA,79.21,77.42,8.78,0.0,91.0,73.0,1,4,1,Placed
STU0150,UG,BCA,80.87,87.27,9.24,0.0,100.0,58.0,1,3,0,Placed
STU0151,PG,MBA,82.62,99.0,6.4,7.17,40.0,75.0,2,1,0,Placed
STU0152,UG,BCA,88.32,86.33,6.5,0.0,75.0,71.0,0,4,0,Placed
STU0153,UG,BCA,79.92,75.49,7.33,0.0,72.0,47.0,1,4,1,Not Placed
STU0154,UG,BCA,72.1,86.63,7.87,0.0,87.0,74.0,2,5,0,Placed
STU0155,PG,MBA,83.07,74.03,6.87,7.12,61.0,81.0,0,2,0,Placed
STU0156,UG,BCA,97.8,72.33,9.12,0.0,90.0,68.0,2,4,0,Placed
STU0157,UG,BTech,73.41,67.08,8.01,0.0,91.0,86.0,0,2,0,Not Placed
STU0158,PG,MBA,63.31,93.89,7.55,8.34,100.0,43.0,1,3,0,Placed
STU0159,UG,BCA,88.28,60.54,5.78,0.0,70.0,73.0,2,1,4,Not Placed
STU0160,PG,MCA,73.56,93.45,5.92,5.79,46.0,44.0,1,2,3,Not Placed
STU0161,UG,BCA,48.93,79.0,7.84,0.0,72.0,45.0,1,3,0,Placed
STU0162,UG,BTech,85.17,52.41,4.94,0.0,43.0,54.0,0,0,5,Not Placed
STU0163,UG,BTech,68.58,77.15,8.72,0.0,60.0,48.0,2,1,0,Placed
STU0164,UG,BCA,73.91,42.6,7.31,0.0,68.0,55.0,1,1,0,Not Placed
STU0165,UG,BTech,78.98,80.76,9.8,0.0,100.0,61.0,0,2,1,Not Placed
STU0166,PG,MBA,77.29,84.39,9.8,9.8,79.0,80.0,1,3,0,Placed
STU0167,UG,BCA,83.51,63.71,7.28,0.0,89.0,59.0,1,4,0,Placed
STU0168,UG,BTech,69.77,73.73,7.37,0.0,81.0,36.0,0,3,0,Not Placed
STU0169,UG,BTech,81.16,99.0,8.69,0.0,76.0,86.0,0,2,0,Placed
STU0170,UG,BTech,71.89,64.92,9.54,0.0,93.0,50.0,0,3,0,Placed
STU0171,UG,BCA,83.87,57.18,5.53,0.0,79.0,64.0,1,3,3,Not Placed
STU0172,UG,Others,82.38,92.74,5.36,0.0,65.0,73.0,1,1,3,Not Placed
STU0173,UG,BCA,63.77,99.0,6.75,0.0,68.0,69.0,1,3,0,Placed
STU0174,UG,BTech,88.03,72.05,8.2,0.0,78.0,85.0,2,3,2,Not Placed
STU0175,UG,BCA,68.57,86.16,8.1,0.0,82.0,74.0,2,5,0,Placed
STU0176,UG,BTech,84.7,90.78,8.78,0.0,80.0,49.0,1,4,0,Placed
STU0177,UG,BCA,79.41,61.61,6.06,0.0,29.0,100.0,0,0,3,Not Placed
STU0178,UG,BTech,97.06,65.21,4.72,0.0,78.0,68.0,1,2,1,Not Placed
STU0179,PG,MBA,72.32,89.23,8.53,9.51,97.0,62.0,1,3,0,Placed
STU0180,UG,BTech,70.81,95.59,6.51,0.0,71.0,82.0,1,2,0,Placed
STU0181,UG,Others,74.77,79.88,5.08,0.0,50.0,69.0,1,1,2,Not Placed
STU0182,UG,BTech,71.36,59.68,7.67,0.0,66.0,72.0,0,1,0,Not Placed
STU0183,PG,MBA,84.6,99.0,8.45,9.24,90.0,100.0,2,3,0,Placed
STU0184,PG,Others,55.6,64.57,7.35,6.69,50.0,60.0,0,1,1,Not Placed
STU0185,UG,BTech,62.36,67.31,6.95,0.0,100.0,59.0,1,3,0,Placed
STU0186,UG,Others,62.19,76.79,7.31,0.0,55.0,67.0,0,0,0,Not Placed
STU0187,PG,MBA,86.4,93.76,7.06,6.91,55.0,84.0,2,3,2,Placed
STU0188,UG,BTech,95.53,83.96,5.88,0.0,52.0,38.0,0,1,4,Not Placed
STU0189,UG,BTech,73.75,77.81,6.64,0.0,86.0,30.0,0,2,0,Not Placed
STU0190,UG,BCA,72.97,78.49,8.13,0.0,82.0,54.0,0,3,0,Not Placed
STU0191,UG,BTech,75.84,72.61,7.89,0.0,60.0,36.0,0,0,0,Not Placed
STU0192,PG,MTech,88.94,79.81,7.7,7.49,96.0,57.0,0,3,0,Placed
STU0193,PG,MCA,63.87,40.0,6.31,6.6,77.0,74.0,1,3,0,Placed
STU0194,UG,BCA,77.86,67.85,7.28,0.0,81.0,49.0,1,3,0,Placed
STU0195,UG,BTech,86.7,75.38,4.89,0.0,60.0,39.0,0,1,1,Not Placed
STU0196,UG,BCA,81.01,55.89,7.71,0.0,100.0,66.0,0,5,0,Placed
STU0197,PG,Others,77.27,77.41,9.21,9.62,100.0,81.0,2,2,0,Placed
STU0198,PG,Others,87.01,69.14,5.73,5.23,47.0,34.0,1,1,1,Not Placed
STU0199,PG,MBA,42.56,96.58,6.8,6.84,93.0,80.0,1,4,0,Placed
STU0200,PG,MCA,83.13,94.02,7.89,6.68,85.0,80.0,1,4,0,Placed
STU0201,UG,BCA,67.15,65.48,9.0,0.0,97.0,82.0,0,2,2,Not Placed
STU0202,UG,BTech,53.03,69.89,6.96,0.0,44.0,87.0,0,0,0,Not Placed
STU0203,UG,BTech,81.13,70.96,6.67,0.0,64.0,100.0,0,2,0,Not Placed
STU0204,PG,MCA,91.48,65.68,5.14,6.01,48.0,59.0,2,0,1,Not Placed
STU0205,UG,BTech,73.35,74.73,7.62,0.0,89.0,67.0,3,4,0,Placed
STU0206,UG,BCA,86.43,61.38,9.8,0.0,100.0,58.0,1,4,2,Not Placed
STU0207,UG,BCA,94.35,56.17,7.83,0.0,47.0,65.0,0,1,0,Not Placed
STU0208,UG,BTech,90.78,80.72,7.47,0.0,74.0,93.0,0,2,0,Not Placed
STU0209,UG,BTech,94.68,80.81,7.89,0.0,96.0,41.0,0,4,0,Placed
STU0210,UG,Others,83.91,60.74,7.49,0.0,72.0,50.0,1,4,1,Not Placed
STU0211,UG,BTech,75.91,84.53,6.52,0.0,76.0,90.0,0,4,1,Placed
STU0212,UG,BTech,55.78,63.16,8.49,0.0,90.0,83.0,2,2,0,Placed
STU0213,UG,BTech,72.05,75.54,7.77,0.0,83.0,58.0,0,2,1,Not Placed
STU0214,UG,BCA,64.88,83.48,7.52,0.0,71.0,80.0,2,3,0,Placed
STU0215,PG,MBA,99.0,71.53,6.33,6.02,45.0,71.0,1,2,2,Not Placed
STU0216,UG,BTech,72.89,78.37,9.06,0.0,74.0,92.0,1,3,0,Placed
STU0217,UG,BTech,76.48,64.77,8.3,0.0,94.0,66.0,1,5,1,Placed
STU0218,PG,MBA,81.62,69.25,6.84,6.87,69.0,83.0,1,1,0,Placed
STU0219,UG,BCA,75.52,69.12,8.7,0.0,85.0,100.0,1,4,0,Placed
STU0220,PG,MCA,95.34,61.55,6.9,6.71,63.0,76.0,1,1,0,Placed
STU0221,UG,Others,67.53,69.53,6.56,0.0,61.0,66.0,1,2,0,Not Placed
STU0222,UG,BTech,77.34,50.32,6.59,0.0,82.0,78.0,3,2,1,Placed
STU0223,UG,BTech,66.09,65.12,5.37,0.0,49.0,58.0,1,0,4,Not Placed
STU0224,UG,Others,59.16,68.01,8.07,0.0,61.0,100.0,1,1,2,Not Placed
STU0225,UG,BTech,67.66,68.41,5.3,0.0,64.0,68.0,2,0,1,Not Placed
STU0226,UG,BCA,74.56,68.62,6.03,0.0,57.0,60.0,0,2,4,Not Placed
STU0227,PG,MCA,69.85,71.14,5.01,5.7,57.0,50.0,0,2,4,Not Placed
STU0228,UG,BTech,66.69,78.71,7.4,0.0,98.0,85.0,1,5,0,Placed
STU0229,PG,Others,58.12,84.24,7.32,5.62,73.0,81.0,1,2,0,Placed
STU0230,UG,BTech,74.0,62.9,7.11,0.0,75.0,56.0,2,3,0,Placed
STU0231,PG,MBA,56.94,55.16,6.25,6.24,45.0,75.0,1,1,1,Not Placed
STU0232,UG,BTech,84.12,57.41,6.09,0.0,58.0,38.0,1,0,3,Not Placed
STU0233,UG,BTech,75.99,65.18,8.06,0.0,90.0,68.0,1,3,1,Not Placed
STU0234,UG,BTech,57.51,67.07,6.84,0.0,45.0,73.0,0,1,0,Not Placed
STU0235,UG,BCA,71.29,61.22,7.88,0.0,82.0,96.0,1,4,0,Placed
STU0236,PG,MCA,65.97,53.85,6.44,6.38,66.0,51.0,2,0,5,Not Placed
STU0237,UG,BCA,78.83,65.61,7.72,0.0,78.0,42.0,0,3,0,Not Placed
STU0238,UG,BTech,91.09,74.54,9.06,0.0,100.0,49.0,1,2,0,Not Placed
STU0239,UG,Others,52.5,80.33,8.2,0.0,87.0,41.0,1,3,0,Placed
STU0240,UG,BTech,76.38,64.2,7.01,0.0,92.0,89.0,0,5,0,Placed
STU0241,PG,MBA,73.08,66.22,7.81,7.54,63.0,93.0,0,1,0,Placed
STU0242,PG,MBA,83.06,59.03,7.21,8.25,85.0,71.0,3,4,0,Placed
STU0243,PG,MBA,77.56,71.56,7.51,6.98,76.0,87.0,0,4,0,Placed
STU0244,UG,BCA,65.98,60.12,7.11,0.0,55.0,67.0,0,1,0,Not Placed
STU0245,UG,BCA,71.17,80.02,7.3,0.0,87.0,63.0,0,3,0,Not Placed
STU0246,PG,MBA,65.45,47.0,7.75,8.21,100.0,59.0,1,2,0,Placed
STU0247,UG,BTech,87.91,66.97,6.31,0.0,63.0,59.0,1,1,1,Not Placed
STU0248,PG,MCA,75.26,76.22,6.28,6.49,72.0,37.0,1,2,1,Not Placed
STU0249,PG,Others,97.81,74.57,5.83,6.59,67.0,70.0,0,3,0,Placed
STU0250,PG,MBA,74.27,99.0,5.58,5.18,45.0,64.0,2,0,2,Not Placed
STU0251,UG,BCA,66.5,76.9,6.04,0.0,33.0,78.0,0,0,1,Not Placed
STU0252,UG,BTech,56.84,57.94,7.69,0.0,66.0,67.0,0,0,0,Not Placed
STU0253,PG,MCA,53.36,70.66,6.43,5.99,43.0,62.0,1,1,1,Not Placed
STU0254,UG,BTech,55.99,47.13,8.12,0.0,100.0,49.0,0,2,0,Not Placed
STU0255,UG,BCA,78.21,70.87,7.54,0.0,74.0,66.0,2,2,0,Placed
STU0256,UG,BTech,81.1,60.34,5.14,0.0,46.0,78.0,2,1,4,Not Placed
STU0257,PG,MCA,56.03,84.82,8.29,8.95,100.0,44.0,0,3,0,Placed
STU0258,UG,BTech,85.74,64.31,8.47,0.0,68.0,67.0,2,1,0,Placed
STU0259,UG,BTech,69.2,70.37,6.31,0.0,52.0,69.0,1,0,1,Not Placed
STU0260,UG,BTech,76.76,63.1,8.0,0.0,81.0,52.0,2,3,0,Placed
STU0261,UG,BTech,94.35,96.34,6.47,0.0,80.0,54.0,0,3,2,Not Placed
STU0262,PG,MBA,85.76,67.5,7.62,7.88,86.0,69.0,1,3,0,Placed
STU0263,UG,BTech,71.78,97.66,5.98,0.0,64.0,45.0,0,0,5,Not Placed
STU0264,UG,BTech,64.31,83.4,5.35,0.0,55.0,71.0,2,2,1,Not Placed
STU0265,PG,MCA,49.18,78.75,7.04,6.11,76.0,49.0,0,3,0,Placed
STU0266,PG,MCA,66.37,77.16,7.35,7.03,77.0,84.0,1,3,0,Placed
STU0267,UG,BTech,72.47,77.51,7.02,0.0,55.0,100.0,0,2,0,Not Placed
STU0268,PG,MTech,63.15,45.01,6.08,6.31,64.0,50.0,0,2,3,Not Placed
STU0269,UG,BCA,73.42,68.1,7.02,0.0,54.0,75.0,1,1,2,Not Placed
STU0270,UG,BTech,75.92,83.83,7.82,0.0,79.0,52.0,2,4,1,Placed
STU0271,PG,MBA,72.3,71.32,7.45,7.95,72.0,84.0,1,4,0,Placed
STU0272,PG,MBA,67.2,52.33,7.72,7.31,100.0,42.0,2,3,2,Placed
STU0273,PG,MBA,77.02,71.27,6.7,5.0,66.0,74.0,0,1,0,Not Placed
STU0274,PG,MCA,80.3,95.86,8.91,9.22,71.0,49.0,1,3,0,Placed
STU0275,UG,BTech,61.92,89.46,6.09,0.0,59.0,61.0,1,1,1,Not Placed
STU0276,UG,BTech,91.93,71.13,8.09,0.0,89.0,46.0,0,3,0,Placed
STU0277,PG,MCA,73.82,85.32,8.92,8.19,100.0,80.0,1,3,0,Placed
STU0278,UG,Others,75.23,66.87,8.08,0.0,72.0,50.0,1,3,0,Placed
STU0279,PG,MCA,83.5,48.15,7.26,6.05,49.0,75.0,1,0,0,Placed
STU0280,PG,MTech,77.8,59.06,6.87,5.17,81.0,59.0,1,2,0,Placed
STU0281,PG,MBA,86.44,93.88,8.74,9.23,72.0,63.0,1,4,0,Placed
STU0282,UG,BCA,78.45,68.16,5.79,0.0,51.0,68.0,0,0,3,Not Placed
STU0283,UG,BTech,67.65,68.59,6.34,0.0,60.0,51.0,0,1,1,Not Placed
STU0284,UG,BTech,79.34,67.8,7.02,0.0,69.0,69.0,1,3,1,Not Placed
STU0285,UG,BTech,61.28,98.66,8.99,0.0,100.0,93.0,0,5,0,Not Placed
STU0286,UG,BTech,76.3,94.76,7.96,0.0,69.0,51.0,0,1,0,Placed
STU0287,UG,BTech,74.6,99.0,6.34,0.0,59.0,86.0,1,2,1,Not Placed
STU0288,UG,BTech,72.5,69.77,7.13,0.0,71.0,92.0,1,2,0,Placed
STU0289,UG,BTech,73.46,76.14,6.76,0.0,70.0,50.0,0,3,0,Not Placed
STU0290,UG,BTech,52.42,50.77,6.65,0.0,68.0,39.0,1,2,0,Not Placed
STU0291,UG,BTech,68.42,92.68,8.67,0.0,93.0,70.0,1,5,0,Placed
STU0292,UG,BTech,76.11,55.65,5.85,0.0,71.0,55.0,0,4,1,Not Placed
STU0293,PG,MTech,76.92,75.03,9.43,9.51,100.0,99.0,1,3,0,Placed
STU0294,UG,BCA,62.67,56.64,8.49,0.0,92.0,66.0,1,4,0,Placed
STU0295,UG,BCA,90.19,63.76,8.81,0.0,64.0,51.0,1,2,0,Placed
STU0296,UG,BTech,64.61,60.28,6.94,0.0,70.0,44.0,1,1,1,Not Placed
STU0297,PG,MCA,86.63,63.49,7.32,7.18,80.0,85.0,0,4,0,Placed
STU0298,UG,BTech,80.13,64.45,5.78,0.0,69.0,55.0,1,0,2,Not Placed
STU0299,UG,BCA,67.25,64.32,6.87,0.0,58.0,66.0,0,0,1,Not Placed
STU0300,UG,BCA,96.3,83.67,8.09,0.0,71.0,82.0,2,3,0,Placed
STU0301,UG,BTech,60.68,56.53,9.06,0.0,82.0,56.0,2,2,0,Placed
STU0302,UG,Others,86.03,75.09,6.17,0.0,70.0,64.0,1,1,4,Not Placed
STU0303,UG,BTech,87.01,89.05,7.06,0.0,86.0,65.0,0,3,1,Not Placed
STU0304,UG,BTech,66.95,64.82,7.32,0.0,67.0,77.0,0,1,0,Not Placed
STU0305,PG,MBA,91.71,61.95,5.83,6.66,80.0,76.0,0,3,0,Placed
STU0306,PG,MBA,72.0,68.77,8.21,8.59,88.0,61.0,1,4,0,Placed
STU0307,UG,BCA,78.46,88.52,6.63,0.0,64.0,66.0,0,2,0,Not Placed
STU0308,UG,BCA,78.12,74.72,7.27,0.0,70.0,58.0,1,1,1,Not Placed
STU0309,PG,MCA,73.39,64.56,6.96,7.93,90.0,38.0,0,4,0,Placed
STU0310,UG,BCA,84.73,78.77,6.55,0.0,70.0,70.0,3,1,1,Not Placed
STU0311,UG,BTech,84.52,56.57,7.49,0.0,100.0,99.0,0,3,0,Placed
STU0312,UG,BCA,54.02,81.54,7.24,0.0,60.0,49.0,2,1,0,Placed
STU0313,UG,BTech,90.65,77.72,7.05,0.0,78.0,51.0,2,3,2,Not Placed
STU0314,PG,MBA,55.05,67.69,6.63,5.79,58.0,49.0,1,0,0,Placed
STU0315,PG,MTech,87.39,60.26,7.88,7.86,66.0,78.0,1,1,1,Placed
STU0316,UG,BCA,88.52,59.59,9.48,0.0,95.0,73.0,1,4,0,Placed
STU0317,UG,BTech,61.91,79.49,7.67,0.0,79.0,62.0,1,3,0,Placed
STU0318,UG,BCA,70.07,89.21,8.7,0.0,100.0,48.0,0,4,0,Placed
STU0319,UG,BTech,61.73,63.08,5.83,0.0,56.0,67.0,0,1,2,Not Placed
STU0320,UG,BTech,72.42,78.42,7.69,0.0,60.0,37.0,1,2,2,Not Placed
STU0321,UG,BTech,71.3,42.78,6.18,0.0,66.0,68.0,1,1,2,Not Placed
STU0322,PG,MCA,84.36,63.82,5.73,5.0,26.0,81.0,1,1,5,Not Placed
STU0323,UG,BCA,90.72,71.57,6.61,0.0,65.0,42.0,0,1,0,Not Placed
STU0324,UG,BTech,91.75,59.26,8.93,0.0,90.0,37.0,0,4,0,Not Placed
STU0325,PG,Others,68.25,58.89,8.64,8.5,98.0,93.0,0,5,0,Placed
STU0326,PG,MCA,72.49,62.65,7.79,7.64,93.0,54.0,0,3,0,Placed
STU0327,UG,BTech,54.8,76.09,5.66,0.0,49.0,85.0,0,2,1,Not Placed
STU0328,UG,BCA,65.33,69.38,7.26,0.0,70.0,62.0,0,3,0,Placed
STU0329,UG,BCA,86.58,40.66,7.86,0.0,67.0,62.0,0,1,0,Not Placed
STU0330,UG,BTech,94.39,42.31,7.71,0.0,60.0,73.0,2,3,0,Placed
STU0331,UG,BTech,60.19,63.5,5.29,0.0,58.0,49.0,0,1,1,Not Placed
STU0332,PG,MBA,67.89,78.41,6.43,6.81,49.0,67.0,1,3,2,Not Placed
STU0333,UG,BTech,74.68,40.0,7.42,0.0,68.0,58.0,0,2,0,Not Placed
STU0334,UG,Others,78.36,65.0,8.14,0.0,66.0,41.0,2,0,1,Not Placed
STU0335,UG,Others,65.28,64.63,4.86,0.0,57.0,71.0,1,3,4,Not Placed
STU0336,UG,BCA,80.09,91.44,7.31,0.0,100.0,60.0,0,2,0,Not Placed
STU0337,PG,MCA,69.31,66.61,7.67,7.7,57.0,62.0,1,1,0,Placed
STU0338,PG,MBA,74.83,77.36,8.52,8.89,61.0,43.0,0,1,0,Placed
STU0339,UG,BTech,81.56,73.98,8.33,0.0,81.0,94.0,1,5,0,Placed
STU0340,UG,BTech,75.08,42.17,8.2,0.0,82.0,81.0,0,4,0,Placed
STU0341,UG,BTech,69.76,82.75,6.54,0.0,69.0,82.0,3,2,0,Placed
STU0342,UG,BTech,73.68,75.02,5.21,0.0,45.0,60.0,1,0,1,Not Placed
STU0343,UG,BCA,73.94,79.12,7.03,0.0,67.0,34.0,0,0,0,Not Placed
STU0344,UG,BCA,70.56,99.0,8.7,0.0,93.0,100.0,1,5,0,Placed
STU0345,UG,BCA,71.89,42.82,9.17,0.0,100.0,64.0,0,4,0,Placed
STU0346,UG,BTech,94.18,96.15,8.35,0.0,54.0,52.0,2,2,0,Placed
STU0347,UG,BTech,81.73,67.98,8.02,0.0,75.0,73.0,1,4,0,Placed
STU0348,UG,BTech,71.45,76.02,7.96,0.0,83.0,86.0,1,3,0,Placed
STU0349,UG,Others,83.36,71.36,6.83,0.0,55.0,65.0,0,1,0,Not Placed
STU0350,UG,BTech,70.99,66.06,7.34,0.0,99.0,88.0,2,3,0,Placed
STU0351,UG,BCA,89.08,64.02,9.5,0.0,85.0,84.0,1,3,0,Placed
STU0352,PG,MTech,79.44,76.61,6.37,6.79,67.0,46.0,0,2,0,Placed
STU0353,UG,BTech,73.71,50.76,9.44,0.0,100.0,53.0,0,5,0,Placed
STU0354,UG,BCA,80.37,82.51,7.11,0.0,62.0,82.0,0,1,0,Not Placed
STU0355,UG,BTech,56.15,66.17,9.09,0.0,63.0,20.0,3,3,2,Not Placed
STU0356,UG,BCA,61.48,56.18,5.81,0.0,52.0,62.0,0,2,2,Not Placed
STU0357,UG,Others,60.67,65.7,8.2,0.0,97.0,39.0,1,4,0,Placed
STU0358,UG,BTech,76.72,89.6,6.62,0.0,61.0,56.0,0,2,0,Not Placed
STU0359,PG,MCA,95.79,64.51,5.8,7.09,58.0,60.0,0,0,0,Not Placed
STU0360,UG,BTech,99.0,77.02,7.76,0.0,91.0,59.0,1,2,0,Placed
STU0361,UG,Others,82.66,61.77,8.71,0.0,82.0,55.0,3,4,2,Placed
STU0362,UG,BTech,81.01,82.61,6.49,0.0,57.0,45.0,1,0,1,Not Placed
STU0363,UG,BCA,53.39,81.6,5.7,0.0,59.0,100.0,2,0,1,Not Placed
STU0364,UG,BCA,68.49,97.88,7.39,0.0,85.0,99.0,1,3,0,Placed
STU0365,PG,MBA,65.55,69.54,7.4,7.21,100.0,44.0,0,5,2,Placed
STU0366,UG,BTech,67.55,81.36,8.16,0.0,94.0,93.0,0,3,0,Placed
STU0367,PG,MBA,72.98,73.37,8.64,8.08,100.0,58.0,1,3,0,Placed
STU0368,PG,Others,69.33,90.14,7.43,7.58,68.0,67.0,3,1,0,Placed
STU0369,UG,BTech,51.25,61.94,9.73,0.0,82.0,64.0,2,3,0,Placed
STU0370,UG,BTech,83.97,82.43,7.77,0.0,79.0,53.0,0,4,0,Not Placed
STU0371,UG,Others,62.13,69.27,7.08,0.0,72.0,83.0,0,3,0,Placed
STU0372,UG,BTech,77.87,71.1,5.57,0.0,40.0,67.0,0,2,2,Not Placed
STU0373,UG,BCA,99.0,73.28,7.18,0.0,69.0,56.0,2,2,0,Placed
STU0374,UG,BTech,63.97,75.53,7.1,0.0,77.0,42.0,2,2,0,Placed
STU0375,UG,BTech,44.64,70.37,8.65,0.0,92.0,49.0,1,3,0,Placed
STU0376,UG,BCA,71.57,75.01,8.05,0.0,88.0,35.0,0,3,2,Not Placed
STU0377,PG,MTech,88.21,94.09,6.08,5.6,65.0,65.0,1,0,4,Not Placed
STU0378,UG,BTech,98.5,85.8,7.71,0.0,69.0,43.0,1,0,0,Not Placed
STU0379,PG,MCA,60.25,84.17,8.31,9.2,84.0,60.0,0,4,0,Placed
STU0380,UG,BTech,80.96,65.62,9.33,0.0,75.0,90.0,1,4,0,Placed
STU0381,UG,BTech,69.42,59.55,8.57,0.0,100.0,87.0,0,3,1,Not Placed
STU0382,UG,BTech,73.73,85.37,8.41,0.0,84.0,64.0,0,4,0,Not Placed
STU0383,UG,Others,99.0,84.26,7.57,0.0,72.0,63.0,2,5,0,Placed
STU0384,PG,MCA,56.96,92.62,7.97,7.8,66.0,99.0,1,3,1,Placed
STU0385,PG,MBA,78.04,63.54,9.0,8.66,100.0,74.0,1,4,0,Placed
STU0386,PG,MCA,80.61,68.79,5.9,5.62,43.0,59.0,1,0,5,Not Placed
STU0387,UG,BCA,88.03,49.05,7.08,0.0,64.0,39.0,0,1,2,Not Placed
STU0388,UG,BTech,76.18,66.51,6.57,0.0,72.0,72.0,1,3,0,Placed
STU0389,PG,Others,78.7,85.95,7.95,8.38,93.0,80.0,1,3,0,Placed
STU0390,PG,MTech,70.3,65.47,8.98,8.89,100.0,54.0,1,3,0,Placed
STU0391,PG,MCA,78.23,80.97,6.78,6.39,95.0,70.0,1,2,0,Placed
STU0392,UG,BTech,70.88,69.33,4.63,0.0,54.0,58.0,0,2,3,Not Placed
STU0393,UG,BTech,82.46,76.54,7.01,0.0,54.0,62.0,0,3,0,Not Placed
STU0394,PG,MTech,70.56,55.93,8.6,9.6,92.0,20.0,1,3,0,Placed
STU0395,UG,BTech,79.53,73.19,8.15,0.0,86.0,61.0,0,4,0,Placed
STU0396,PG,MBA,74.65,40.0,8.01,7.5,100.0,82.0,1,3,0,Placed
STU0397,PG,MTech,88.51,69.38,7.16,7.18,51.0,54.0,0,2,0,Placed
STU0398,UG,BTech,74.38,49.17,5.97,0.0,78.0,66.0,0,4,1,Not Placed
STU0399,PG,MBA,53.72,88.88,8.12,8.51,88.0,51.0,0,4,0,Placed
STU0400,PG,MBA,90.14,82.88,6.5,5.52,78.0,71.0,3,3,2,Placed
STU0401,UG,BTech,64.13,78.53,9.8,0.0,96.0,61.0,0,4,0,Placed
STU0402,PG,MCA,67.15,93.29,8.18,8.47,72.0,48.0,1,3,0,Placed
STU0403,UG,BTech,67.85,58.72,6.8,0.0,79.0,89.0,1,3,0,Placed
STU0404,PG,MBA,91.49,96.46,6.77,6.14,78.0,82.0,0,2,0,Placed
STU0405,UG,BCA,49.37,85.05,7.39,0.0,88.0,54.0,1,3,0,Placed
STU0406,PG,MTech,99.0,68.69,7.21,7.7,77.0,74.0,1,4,0,Placed
STU0407,UG,BCA,87.67,87.9,8.84,0.0,79.0,75.0,1,4,1,Placed
STU0408,UG,BCA,77.68,56.51,7.72,0.0,54.0,77.0,2,1,2,Not Placed
STU0409,PG,MTech,74.34,60.46,6.62,6.04,78.0,35.0,0,3,0,Placed
STU0410,UG,BCA,78.43,63.48,9.77,0.0,100.0,83.0,0,4,0,Placed
STU0411,UG,BTech,81.25,64.59,7.56,0.0,61.0,55.0,2,2,0,Placed
STU0412,PG,MCA,82.74,57.21,8.42,8.84,80.0,59.0,0,2,0,Placed
STU0413,PG,MCA,81.67,89.12,6.77,7.43,67.0,100.0,1,0,0,Placed
STU0414,UG,BTech,76.07,68.38,7.94,0.0,57.0,70.0,1,2,0,Not Placed
STU0415,UG,BTech,72.63,76.94,7.87,0.0,66.0,58.0,0,2,0,Not Placed
STU0416,UG,Others,73.18,64.02,5.23,0.0,35.0,25.0,1,1,3,Not Placed
STU0417,UG,BTech,72.66,46.51,9.8,0.0,92.0,90.0,0,4,0,Placed
STU0418,UG,BTech,88.61,75.78,9.05,0.0,79.0,41.0,0,3,0,Not Placed
STU0419,UG,BTech,82.12,45.23,7.02,0.0,46.0,47.0,0,2,0,Not Placed
STU0420,PG,Others,40.0,71.04,6.18,6.7,97.0,59.0,2,3,1,Placed
STU0421,PG,MCA,82.87,52.84,7.92,8.07,99.0,90.0,0,3,2,Placed
STU0422,PG,MTech,77.34,99.0,7.6,7.46,64.0,79.0,1,1,0,Not Placed
STU0423,UG,BTech,74.78,84.76,7.93,0.0,83.0,62.0,2,3,0,Placed
STU0424,UG,BTech,70.34,73.48,7.73,0.0,84.0,71.0,1,2,0,Placed
STU0425,UG,Others,88.49,89.69,8.11,0.0,99.0,54.0,1,4,0,Placed
STU0426,UG,Others,86.37,60.15,9.24,0.0,80.0,68.0,1,3,0,Placed
STU0427,UG,BTech,65.73,79.61,8.18,0.0,98.0,66.0,0,2,0,Placed
STU0428,PG,Others,79.88,74.8,6.24,5.89,54.0,82.0,1,2,1,Not Placed
STU0429,UG,BCA,63.34,75.7,9.14,0.0,71.0,82.0,1,2,0,Placed
STU0430,UG,BCA,58.44,89.81,9.47,0.0,100.0,74.0,3,4,0,Placed
STU0431,UG,BTech,67.48,82.25,9.8,0.0,100.0,58.0,2,2,2,Not Placed
STU0432,PG,MTech,85.35,76.04,6.15,7.03,100.0,78.0,2,4,0,Placed
STU0433,UG,BTech,86.44,48.83,7.79,0.0,60.0,63.0,2,2,0,Not Placed
STU0434,UG,BCA,81.16,58.56,5.0,0.0,60.0,46.0,1,0,2,Not Placed
STU0435,UG,BTech,83.7,70.28,8.16,0.0,75.0,58.0,1,4,0,Placed
STU0436,PG,MCA,81.19,73.31,6.84,6.42,80.0,67.0,2,4,0,Placed
STU0437,UG,BTech,67.3,56.18,9.8,0.0,76.0,81.0,0,2,0,Not Placed
STU0438,PG,MBA,80.18,99.0,6.57,5.95,47.0,62.0,3,2,0,Placed
STU0439,PG,MCA,84.6,93.23,5.47,5.87,47.0,43.0,1,2,1,Not Placed
STU0440,UG,BCA,84.05,80.43,6.93,0.0,70.0,66.0,1,1,0,Not Placed
STU0441,UG,Others,89.27,73.01,5.13,0.0,42.0,67.0,1,1,2,Not Placed
STU0442,PG,MCA,83.5,69.03,8.4,7.92,94.0,68.0,3,4,0,Placed
STU0443,UG,BCA,79.22,58.67,5.02,0.0,66.0,82.0,0,2,2,Not Placed
STU0444,UG,BTech,87.84,73.08,7.53,0.0,84.0,83.0,1,3,0,Placed
STU0445,PG,MBA,74.68,75.61,5.01,5.0,74.0,54.0,1,4,1,Placed
STU0446,PG,MCA,64.42,54.62,7.12,6.25,77.0,54.0,0,3,0,Placed
STU0447,PG,MBA,73.04,76.68,9.47,9.18,76.0,46.0,1,2,0,Placed
STU0448,PG,MBA,66.06,69.83,7.93,7.88,100.0,78.0,1,2,2,Placed
STU0449,UG,Others,66.9,45.29,6.46,0.0,56.0,91.0,1,1,3,Not Placed
STU0450,UG,BCA,73.27,59.95,7.46,0.0,88.0,59.0,0,4,0,Placed
STU0451,PG,MTech,65.49,66.21,7.52,7.67,100.0,61.0,1,3,1,Placed
STU0452,UG,BCA,71.3,98.43,8.07,0.0,88.0,91.0,1,3,0,Placed
STU0453,UG,BCA,52.28,79.79,5.86,0.0,36.0,74.0,1,2,2,Not Placed
STU0454,PG,MTech,77.56,53.3,8.21,8.78,74.0,73.0,0,3,0,Placed
STU0455,UG,BTech,75.01,78.8,4.5,0.0,65.0,44.0,3,0,2,Not Placed
STU0456,UG,Others,65.19,50.34,6.74,0.0,65.0,77.0,1,2,0,Not Placed
STU0457,UG,BCA,82.91,87.16,6.91,0.0,70.0,48.0,1,0,0,Not Placed
STU0458,UG,BCA,86.25,65.4,8.26,0.0,94.0,45.0,1,4,0,Placed
STU0459,UG,BTech,55.71,70.69,7.53,0.0,86.0,59.0,0,4,1,Not Placed
STU0460,UG,BCA,65.85,90.56,5.81,0.0,62.0,54.0,1,1,1,Not Placed
STU0461,UG,BTech,65.77,53.98,6.32,0.0,60.0,61.0,1,2,1,Not Placed
STU0462,UG,BCA,63.72,52.44,7.74,0.0,73.0,39.0,1,3,0,Placed
STU0463,PG,MCA,84.95,63.83,7.41,7.73,90.0,82.0,1,4,0,Placed
STU0464,UG,BCA,72.67,86.54,6.81,0.0,76.0,85.0,1,3,0,Placed
STU0465,PG,Others,71.83,50.73,6.92,6.81,65.0,30.0,0,1,0,Placed
STU0466,UG,BTech,50.95,40.0,8.34,0.0,100.0,83.0,1,2,0,Placed
STU0467,UG,Others,82.63,65.68,6.88,0.0,67.0,50.0,0,2,0,Placed
STU0468,PG,MTech,60.13,79.72,7.39,7.27,61.0,80.0,0,1,0,Placed
STU0469,UG,BCA,75.72,88.8,9.8,0.0,87.0,64.0,2,3,0,Placed
STU0470,PG,MBA,78.33,65.52,5.79,6.1,46.0,66.0,1,0,1,Not Placed
STU0471,UG,BTech,91.33,66.24,5.28,0.0,49.0,62.0,1,1,1,Not Placed
STU0472,PG,MBA,59.29,88.15,8.44,9.2,100.0,87.0,1,4,0,Placed
STU0473,UG,BCA,40.0,45.82,6.69,0.0,55.0,43.0,2,0,0,Placed
STU0474,PG,MTech,77.21,66.56,7.12,7.2,75.0,76.0,1,4,0,Placed
STU0475,UG,BTech,96.61,74.67,6.56,0.0,56.0,85.0,1,2,0,Placed
STU0476,PG,MBA,89.87,78.29,7.19,6.91,68.0,78.0,0,2,0,Placed
STU0477,UG,BCA,77.52,64.86,9.42,0.0,72.0,100.0,3,5,0,Placed
STU0478,UG,BCA,69.1,72.48,8.46,0.0,81.0,55.0,2,2,0,Placed
STU0479,PG,MBA,84.69,40.0,8.53,7.93,82.0,82.0,2,3,0,Placed
STU0480,UG,BTech,63.32,62.78,5.8,0.0,66.0,63.0,0,0,3,Not Placed
STU0481,UG,BCA,80.72,78.35,6.12,0.0,65.0,87.0,0,1,2,Not Placed
STU0482,UG,BTech,81.07,58.25,4.5,0.0,27.0,65.0,0,0,1,Not Placed
STU0483,UG,BTech,87.72,72.83,6.53,0.0,82.0,58.0,0,3,0,Not Placed
STU0484,UG,BTech,99.0,78.26,8.65,0.0,90.0,89.0,2,2,0,Placed
STU0485,UG,BTech,79.71,67.2,8.12,0.0,84.0,56.0,0,3,0,Not Placed
STU0486,PG,MCA,68.89,74.39,7.23,6.36,72.0,40.0,0,3,0,Placed
STU0487,UG,BTech,74.69,58.52,7.47,0.0,67.0,56.0,0,3,0,Placed
STU0488,UG,BCA,53.77,69.11,6.67,0.0,70.0,76.0,0,1,0,Not Placed
STU0489,PG,MCA,66.66,80.54,7.75,8.15,89.0,90.0,0,4,0,Placed
STU0490,PG,MTech,70.09,74.2,8.42,8.77,61.0,67.0,1,3,0,Placed
STU0491,UG,BTech,68.71,63.79,5.56,0.0,48.0,89.0,1,1,2,Not Placed
STU0492,UG,BTech,76.83,75.14,7.86,0.0,75.0,41.0,0,4,0,Not Placed
STU0493,UG,BTech,65.13,82.0,8.62,0.0,90.0,57.0,1,4,0,Placed
STU0494,UG,BTech,88.45,43.3,7.0,0.0,88.0,60.0,1,3,0,Placed
STU0495,UG,BCA,75.0,88.23,8.34,0.0,72.0,63.0,0,3,0,Not Placed
STU0496,UG,BCA,74.89,67.29,9.8,0.0,91.0,67.0,1,3,0,Placed
STU0497,UG,BCA,71.07,77.96,7.37,0.0,66.0,77.0,1,1,0,Placed
STU0498,UG,BTech,76.86,88.76,7.97,0.0,68.0,57.0,1,3,0,Placed
STU0499,PG,MCA,84.9,52.8,6.61,6.96,64.0,68.0,1,0,0,Placed
STU0500,PG,MBA,64.59,62.07,7.72,7.64,89.0,64.0,0,4,1,Not Placed
STU0501,UG,BTech,67.1,67.96,8.05,0.0,65.0,48.0,3,0,2,Not Placed
STU0502,UG,BTech,71.36,61.03,7.73,0.0,84.0,63.0,2,2,2,Not Placed
STU0503,UG,BTech,58.85,96.29,6.28,0.0,37.0,62.0,2,1,2,Not Placed
STU0504,PG,MCA,65.17,60.01,7.75,8.59,77.0,62.0,0,3,0,Placed
STU0505,UG,BTech,69.29,64.22,9.25,0.0,88.0,66.0,2,2,0,Placed
STU0506,UG,BTech,85.49,74.86,8.04,0.0,100.0,66.0,2,4,0,Placed
STU0507,PG,MTech,78.15,55.17,8.65,8.36,82.0,57.0,2,3,0,Placed
STU0508,PG,MTech,77.32,66.46,7.22,7.79,45.0,88.0,0,0,0,Not Placed
STU0509,PG,MBA,85.21,76.44,8.4,8.38,54.0,44.0,1,2,2,Not Placed
STU0510,PG,MBA,73.35,67.34,7.84,7.47,79.0,52.0,3,4,0,Placed
STU0511,UG,BCA,79.69,70.69,6.36,0.0,73.0,100.0,1,3,1,Not Placed
STU0512,UG,BCA,73.76,64.59,7.88,0.0,84.0,46.0,1,3,0,Not Placed
STU0513,PG,Others,78.18,50.8,6.31,6.67,69.0,41.0,2,0,0,Placed
STU0514,PG,MCA,68.01,76.5,6.74,6.99,87.0,78.0,1,2,0,Placed
STU0515,UG,BTech,45.73,96.57,7.73,0.0,69.0,28.0,1,1,0,Not Placed
STU0516,UG,BTech,73.39,72.26,7.86,0.0,92.0,61.0,1,3,0,Placed
STU0517,UG,BCA,92.07,75.15,6.07,0.0,36.0,100.0,2,3,1,Placed
STU0518,PG,MBA,86.11,81.7,8.76,8.97,76.0,37.0,0,3,1,Placed
STU0519,PG,MCA,86.58,54.23,8.19,8.24,55.0,29.0,1,2,0,Placed
STU0520,UG,Others,89.83,95.84,6.65,0.0,62.0,38.0,1,0,0,Not Placed
STU0521,UG,BTech,76.06,74.83,5.65,0.0,56.0,81.0,1,0,1,Not Placed
STU0522,UG,Others,77.37,94.85,7.33,0.0,75.0,85.0,1,4,1,Placed
STU0523,PG,MCA,67.59,61.74,6.96,6.94,71.0,56.0,2,5,0,Placed
STU0524,PG,MCA,71.21,97.45,7.64,9.07,77.0,77.0,2,3,0,Placed
STU0525,PG,MTech,82.39,82.85,7.06,7.77,75.0,90.0,0,2,0,Placed
STU0526,UG,BTech,89.45,79.74,5.09,0.0,28.0,97.0,1,0,5,Not Placed
STU0527,UG,BTech,73.33,75.28,7.03,0.0,91.0,61.0,0,5,0,Placed
STU0528,UG,BTech,69.6,68.52,7.13,0.0,67.0,24.0,0,0,0,Not Placed
STU0529,UG,BCA,75.01,88.81,8.26,0.0,75.0,50.0,1,4,0,Placed
STU0530,PG,MTech,82.21,73.97,6.66,7.09,95.0,57.0,2,3,0,Placed
STU0531,PG,MCA,57.67,44.46,9.51,9.58,77.0,60.0,2,3,0,Placed
STU0532,PG,MBA,47.45,56.36,5.21,5.81,41.0,62.0,0,1,1,Not Placed
STU0533,PG,MBA,68.39,69.4,9.07,9.38,77.0,85.0,0,4,0,Placed
STU0534,UG,BTech,60.35,76.34,7.23,0.0,71.0,88.0,1,4,2,Not Placed
STU0535,PG,MTech,68.9,71.21,8.53,8.55,92.0,62.0,1,5,0,Placed
STU0536,PG,MCA,73.23,89.07,7.6,7.42,87.0,85.0,0,3,1,Placed
STU0537,PG,MCA,69.56,44.68,8.87,8.82,100.0,71.0,2,2,0,Placed
STU0538,UG,BCA,92.43,74.01,7.04,0.0,37.0,66.0,2,1,0,Not Placed
STU0539,UG,BTech,78.92,46.55,6.18,0.0,71.0,81.0,1,4,1,Not Placed
STU0540,UG,BTech,78.61,82.64,9.2,0.0,84.0,66.0,2,4,0,Placed
STU0541,PG,MBA,82.47,70.68,7.36,5.46,65.0,100.0,0,0,0,Placed
STU0542,UG,BTech,61.33,77.87,7.77,0.0,68.0,39.0,1,1,0,Not Placed
STU0543,UG,BTech,87.47,59.91,8.98,0.0,76.0,56.0,1,3,0,Placed
STU0544,UG,BTech,74.09,89.91,6.26,0.0,88.0,63.0,0,3,5,Not Placed
STU0545,UG,Others,83.05,86.58,8.21,0.0,95.0,73.0,2,4,0,Placed
STU0546,UG,BTech,62.14,80.17,6.79,0.0,68.0,88.0,1,1,0,Placed
STU0547,UG,BCA,56.35,70.19,7.34,0.0,94.0,65.0,1,4,0,Placed
STU0548,UG,BTech,84.81,80.12,7.59,0.0,53.0,39.0,0,1,1,Not Placed
STU0549,UG,BTech,79.52,62.1,5.7,0.0,37.0,80.0,0,1,3,Not Placed
STU0550,PG,MBA,64.18,83.98,6.57,6.7,34.0,79.0,0,2,0,Placed
STU0551,UG,Others,64.56,95.09,9.12,0.0,81.0,30.0,1,4,2,Not Placed
STU0552,PG,MBA,88.51,86.99,8.56,8.27,88.0,65.0,1,3,2,Placed
STU0553,UG,BCA,60.73,61.79,7.42,0.0,76.0,36.0,0,3,0,Not Placed
STU0554,UG,BCA,94.71,77.06,7.79,0.0,80.0,53.0,1,3,0,Placed
STU0555,PG,MCA,64.19,53.9,7.15,8.11,60.0,49.0,1,0,0,Placed
STU0556,UG,BTech,82.66,80.01,9.13,0.0,100.0,80.0,1,3,0,Placed
STU0557,UG,BCA,71.06,78.31,7.26,0.0,76.0,67.0,1,3,0,Placed
STU0558,UG,BTech,82.24,45.82,7.78,0.0,89.0,42.0,2,5,0,Placed
STU0559,PG,MBA,68.47,55.74,8.88,8.89,61.0,81.0,1,1,0,Placed
STU0560,UG,Others,73.05,68.04,6.57,0.0,70.0,39.0,1,1,0,Not Placed
STU0561,PG,MCA,75.49,67.79,9.37,8.66,76.0,71.0,0,5,0,Placed
STU0562,UG,BTech,62.97,55.07,5.66,0.0,51.0,50.0,0,2,5,Not Placed
STU0563,UG,BCA,83.89,77.45,9.46,0.0,100.0,58.0,0,4,0,Placed
STU0564,UG,BTech,68.84,75.52,7.05,0.0,72.0,74.0,1,3,0,Placed
STU0565,UG,BCA,72.26,69.28,7.21,0.0,59.0,74.0,0,2,0,Not Placed
STU0566,UG,BTech,63.07,61.42,5.23,0.0,52.0,89.0,0,3,2,Not Placed
STU0567,UG,BCA,44.25,86.68,6.95,0.0,47.0,64.0,1,1,0,Not Placed
STU0568,UG,BTech,72.71,95.18,6.25,0.0,80.0,71.0,0,2,2,Not Placed
STU0569,PG,MBA,99.0,65.23,6.77,6.74,65.0,57.0,0,0,0,Not Placed
STU0570,UG,BTech,84.42,63.43,7.34,0.0,90.0,68.0,0,3,0,Placed
STU0571,UG,BTech,74.77,78.88,8.65,0.0,79.0,73.0,1,4,0,Placed
STU0572,PG,MCA,71.85,66.99,7.75,7.12,70.0,63.0,0,0,0,Not Placed
STU0573,UG,BCA,75.27,70.05,7.87,0.0,67.0,33.0,1,0,0,Not Placed
STU0574,UG,BCA,81.57,82.36,6.19,0.0,75.0,71.0,1,4,2,Not Placed
STU0575,PG,MCA,60.83,45.27,6.44,6.72,57.0,72.0,1,1,0,Placed
STU0576,PG,MCA,88.37,90.46,9.66,9.8,100.0,53.0,1,5,0,Placed
STU0577,UG,BTech,83.58,73.02,6.62,0.0,60.0,42.0,2,2,0,Placed
STU0578,PG,MBA,83.62,66.24,9.49,9.8,68.0,92.0,0,2,2,Not Placed
STU0579,UG,BCA,80.26,70.75,7.21,0.0,64.0,74.0,0,1,0,Not Placed
STU0580,UG,BTech,75.24,71.47,7.5,0.0,57.0,61.0,0,0,0,Not Placed
STU0581,UG,BTech,83.07,47.76,8.78,0.0,88.0,45.0,0,3,2,Not Placed
STU0582,PG,MCA,82.1,92.93,9.03,8.56,72.0,50.0,0,3,1,Placed
STU0583,UG,BTech,70.75,72.58,7.37,0.0,88.0,88.0,0,3,0,Placed
STU0584,UG,BTech,68.12,78.2,7.03,0.0,69.0,67.0,1,0,0,Not Placed
STU0585,UG,Others,76.22,85.32,7.43,0.0,72.0,55.0,1,5,0,Placed
STU0586,UG,BTech,93.59,57.7,7.91,0.0,89.0,74.0,0,2,0,Not Placed
STU0587,UG,BCA,60.13,78.63,8.57,0.0,100.0,50.0,1,5,0,Placed
STU0588,UG,BTech,57.39,68.25,7.51,0.0,75.0,92.0,0,3,0,Placed
STU0589,UG,BTech,76.98,83.85,8.24,0.0,71.0,89.0,0,4,0,Placed
STU0590,UG,BCA,75.61,42.22,9.47,0.0,68.0,57.0,1,1,0,Not Placed
STU0591,UG,BCA,77.08,70.61,7.96,0.0,69.0,54.0,0,2,0,Not Placed
STU0592,UG,Others,77.93,63.56,7.87,0.0,69.0,20.0,0,2,1,Not Placed
STU0593,UG,BTech,72.32,78.05,5.68,0.0,58.0,38.0,1,0,2,Not Placed
STU0594,UG,BTech,92.88,78.58,4.5,0.0,40.0,41.0,2,0,5,Not Placed
STU0595,PG,MBA,55.79,62.09,7.97,7.99,90.0,67.0,1,5,0,Placed
STU0596,UG,BTech,65.06,62.03,7.39,0.0,65.0,59.0,0,0,0,Not Placed
STU0597,UG,BTech,73.76,70.45,6.88,0.0,68.0,41.0,2,2,0,Placed
STU0598,UG,BTech,55.28,59.45,7.79,0.0,96.0,60.0,1,2,2,Not Placed
STU0599,UG,BTech,72.89,83.79,7.43,0.0,79.0,74.0,1,3,1,Not Placed
STU0600,UG,BCA,94.94,66.83,8.85,0.0,88.0,75.0,2,2,0,Placed
STU0601,UG,BTech,75.25,40.0,7.6,0.0,67.0,31.0,1,1,0,Not Placed
STU0602,UG,BTech,77.77,66.75,6.6,0.0,57.0,63.0,0,2,0,Not Placed
STU0603,UG,BTech,59.88,57.46,8.69,0.0,74.0,40.0,1,3,0,Not Placed
STU0604,UG,BTech,67.6,49.16,7.24,0.0,64.0,81.0,1,1,0,Placed
STU0605,UG,BTech,70.5,54.68,8.13,0.0,93.0,79.0,1,3,0,Placed
STU0606,UG,BTech,71.19,73.53,6.93,0.0,66.0,49.0,1,2,0,Placed
STU0607,UG,BTech,90.38,90.6,6.72,0.0,47.0,51.0,2,0,0,Not Placed
STU0608,UG,BCA,81.69,76.38,7.6,0.0,100.0,57.0,2,5,0,Placed
STU0609,UG,BTech,61.66,63.51,7.52,0.0,80.0,24.0,2,4,2,Not Placed
STU0610,UG,BTech,77.96,78.38,8.08,0.0,60.0,71.0,2,0,0,Placed
STU0611,UG,BCA,80.98,65.57,7.18,0.0,65.0,60.0,2,1,0,Placed
STU0612,PG,MBA,88.68,62.28,5.3,5.0,55.0,82.0,0,0,1,Not Placed
STU0613,UG,BTech,93.97,55.84,6.98,0.0,95.0,45.0,0,5,0,Placed
STU0614,UG,BTech,62.82,47.47,8.45,0.0,68.0,54.0,1,0,0,Not Placed
STU0615,PG,MCA,65.27,66.54,7.14,7.56,90.0,38.0,2,2,0,Placed
STU0616,PG,MBA,59.91,74.21,7.2,7.51,96.0,47.0,1,5,0,Placed
STU0617,UG,Others,72.19,70.65,8.68,0.0,77.0,44.0,1,3,0,Placed
STU0618,UG,BCA,80.6,66.18,6.65,0.0,62.0,83.0,0,0,0,Not Placed
STU0619,PG,MTech,86.85,58.76,5.65,5.95,44.0,52.0,0,3,2,Not Placed
STU0620,PG,MBA,74.09,80.52,7.31,7.31,70.0,67.0,1,0,1,Not Placed
STU0621,UG,BTech,71.16,53.56,6.92,0.0,69.0,58.0,0,2,1,Not Placed
STU0622,UG,BTech,76.82,82.86,6.34,0.0,73.0,42.0,0,3,3,Not Placed
STU0623,UG,BTech,64.98,57.97,7.29,0.0,89.0,62.0,0,5,0,Not Placed
STU0624,UG,Others,99.0,61.47,8.09,0.0,70.0,76.0,0,1,0,Not Placed
STU0625,UG,BTech,55.71,51.47,7.49,0.0,45.0,43.0,1,1,0,Not Placed
STU0626,UG,BCA,77.22,64.98,7.87,0.0,78.0,80.0,0,2,0,Placed
STU0627,UG,BTech,99.0,85.65,9.68,0.0,100.0,50.0,1,4,0,Placed
STU0628,PG,MTech,75.08,79.22,7.09,7.34,77.0,56.0,0,3,0,Placed
STU0629,UG,BTech,72.72,85.7,7.83,0.0,73.0,75.0,2,3,0,Not Placed
STU0630,UG,BTech,70.71,79.31,6.89,0.0,71.0,53.0,0,3,0,Not Placed
STU0631,PG,MBA,72.84,56.55,6.48,7.44,97.0,66.0,1,4,1,Placed
STU0632,PG,MCA,91.47,67.37,6.8,6.63,74.0,59.0,1,2,0,Placed
STU0633,UG,BCA,48.46,61.08,6.93,0.0,64.0,67.0,0,1,0,Not Placed
STU0634,UG,BCA,93.4,90.63,7.93,0.0,72.0,22.0,2,3,0,Placed
STU0635,UG,Others,57.91,55.24,9.8,0.0,95.0,32.0,1,5,0,Placed
STU0636,UG,BTech,71.8,84.51,6.64,0.0,91.0,76.0,1,2,0,Placed
STU0637,UG,BTech,69.85,84.5,7.0,0.0,67.0,84.0,0,3,0,Not Placed
STU0638,UG,BTech,82.06,97.61,7.42,0.0,74.0,49.0,2,3,0,Placed
STU0639,UG,Others,55.82,66.26,7.97,0.0,72.0,61.0,1,3,0,Placed
STU0640,UG,Others,80.55,81.97,7.82,0.0,95.0,70.0,0,3,0,Placed
STU0641,UG,BTech,99.0,99.0,9.04,0.0,100.0,77.0,0,3,0,Not Placed
STU0642,UG,BCA,58.64,63.35,4.59,0.0,53.0,29.0,2,0,1,Not Placed
STU0643,UG,BTech,77.28,50.51,4.64,0.0,48.0,49.0,1,2,2,Not Placed
STU0644,UG,BCA,67.06,45.68,6.9,0.0,70.0,59.0,1,0,0,Not Placed
STU0645,UG,BTech,80.11,81.98,8.82,0.0,52.0,78.0,1,2,0,Placed
STU0646,PG,MBA,75.23,45.64,5.62,5.7,68.0,100.0,1,2,5,Not Placed
STU0647,UG,BTech,67.3,66.79,4.5,0.0,47.0,61.0,0,0,1,Not Placed
STU0648,UG,BCA,80.85,78.12,8.19,0.0,88.0,40.0,0,4,0,Not Placed
STU0649,PG,MBA,96.65,74.59,7.79,7.14,67.0,72.0,1,1,1,Not Placed
STU0650,UG,BCA,72.71,77.96,6.19,0.0,56.0,89.0,3,0,2,Not Placed
STU0651,UG,BTech,83.64,75.11,6.32,0.0,57.0,67.0,0,2,3,Not Placed
STU0652,UG,BTech,59.48,89.9,6.34,0.0,79.0,49.0,1,4,1,Placed
STU0653,UG,BTech,63.52,58.67,7.63,0.0,71.0,82.0,1,2,0,Placed
STU0654,PG,MCA,80.67,62.52,6.75,6.23,99.0,77.0,1,3,0,Placed
STU0655,UG,BTech,92.81,61.18,8.09,0.0,87.0,47.0,2,2,0,Placed
STU0656,UG,Others,79.27,83.62,4.5,0.0,26.0,72.0,1,2,2,Not Placed
STU0657,UG,BTech,71.24,84.61,6.47,0.0,63.0,83.0,0,1,2,Not Placed
STU0658,UG,BTech,74.99,78.32,6.15,0.0,52.0,86.0,3,3,3,Not Placed
STU0659,UG,BTech,60.0,88.57,7.19,0.0,39.0,64.0,1,3,0,Not Placed
STU0660,UG,BTech,82.25,55.51,6.85,0.0,92.0,59.0,2,5,0,Placed
STU0661,UG,BCA,85.59,95.34,8.46,0.0,95.0,87.0,1,3,0,Placed
STU0662,PG,MTech,69.57,93.33,5.27,5.33,61.0,43.0,2,2,1,Placed
STU0663,UG,Others,69.36,82.3,7.55,0.0,78.0,73.0,0,3,1,Not Placed
STU0664,UG,BTech,78.19,96.95,8.17,0.0,61.0,40.0,0,0,0,Not Placed
STU0665,UG,Others,69.76,48.81,9.73,0.0,90.0,84.0,2,2,1,Placed
STU0666,UG,BCA,74.21,64.66,6.92,0.0,82.0,60.0,0,4,0,Placed
STU0667,UG,BTech,99.0,61.71,7.89,0.0,63.0,88.0,0,2,0,Placed
STU0668,UG,Others,72.04,82.1,5.34,0.0,20.0,74.0,1,0,1,Not Placed
STU0669,UG,BTech,70.7,57.3,4.63,0.0,43.0,43.0,2,0,3,Not Placed
STU0670,UG,BCA,67.23,82.6,8.51,0.0,83.0,91.0,0,3,2,Not Placed
STU0671,UG,BTech,83.93,91.19,7.49,0.0,77.0,93.0,2,2,1,Placed
STU0672,PG,MBA,72.83,81.73,8.91,9.57,100.0,81.0,1,4,0,Placed
STU0673,UG,BCA,67.21,75.97,5.85,0.0,68.0,51.0,1,2,3,Not Placed
STU0674,UG,BCA,90.86,58.17,8.12,0.0,85.0,59.0,2,4,0,Placed
STU0675,UG,BCA,92.04,60.14,9.74,0.0,100.0,68.0,1,5,0,Placed
STU0676,PG,MCA,67.79,89.49,8.0,7.85,57.0,52.0,0,1,0,Not Placed
STU0677,UG,BTech,52.6,82.91,7.83,0.0,86.0,95.0,0,2,0,Placed
STU0678,UG,BTech,87.09,71.45,7.51,0.0,84.0,68.0,1,3,0,Placed
STU0679,PG,MCA,66.78,66.15,5.61,5.47,38.0,20.0,1,1,3,Not Placed
STU0680,PG,MBA,84.49,43.64,9.13,8.89,69.0,71.0,2,3,0,Placed
STU0681,PG,MCA,51.36,57.01,6.77,6.45,57.0,59.0,1,1,0,Placed
STU0682,UG,Others,85.71,98.76,8.11,0.0,71.0,64.0,1,4,0,Placed
STU0683,UG,BCA,60.47,54.07,5.62,0.0,68.0,58.0,1,3,1,Not Placed
STU0684,UG,BCA,83.77,74.65,6.08,0.0,52.0,80.0,0,0,1,Not Placed
STU0685,PG,MCA,75.17,86.1,9.22,9.4,81.0,85.0,0,3,0,Placed
STU0686,UG,BCA,63.55,54.43,7.08,0.0,62.0,70.0,2,1,0,Placed
STU0687,UG,Others,70.12,74.59,9.24,0.0,100.0,59.0,0,5,0,Placed
STU0688,UG,BTech,83.24,85.13,7.41,0.0,74.0,64.0,0,3,0,Not Placed
STU0689,PG,MBA,76.27,72.17,5.29,5.0,50.0,65.0,1,2,1,Not Placed
STU0690,UG,BCA,82.01,99.0,8.57,0.0,84.0,51.0,1,3,2,Not Placed
STU0691,UG,BTech,98.72,48.64,6.79,0.0,87.0,75.0,2,4,0,Placed
STU0692,UG,BTech,56.23,86.82,8.34,0.0,72.0,73.0,0,4,0,Placed
STU0693,UG,BTech,94.41,69.58,7.53,0.0,95.0,93.0,0,4,0,Placed
STU0694,UG,BTech,76.25,82.81,5.65,0.0,60.0,88.0,0,2,2,Not Placed
STU0695,UG,BTech,64.21,78.18,7.7,0.0,75.0,53.0,1,3,0,Placed
STU0696,UG,BTech,59.04,61.74,9.8,0.0,100.0,80.0,0,4,0,Placed
STU0697,UG,BTech,72.73,75.21,8.09,0.0,65.0,48.0,1,0,0,Not Placed
STU0698,UG,BTech,86.06,45.99,7.43,0.0,69.0,78.0,2,1,0,Placed
STU0699,UG,Others,73.47,80.45,8.79,0.0,69.0,56.0,2,0,0,Placed
STU0700,UG,BTech,93.13,76.17,7.75,0.0,92.0,47.0,0,5,0,Placed
STU0701,UG,Others,57.59,80.94,7.75,0.0,100.0,70.0,1,4,0,Placed
STU0702,UG,BTech,74.85,86.81,6.19,0.0,87.0,20.0,1,4,1,Not Placed
STU0703,UG,BTech,59.97,77.15,7.78,0.0,96.0,33.0,2,4,0,Placed
STU0704,UG,BTech,79.36,74.07,8.74,0.0,84.0,62.0,3,3,0,Placed
STU0705,UG,BTech,85.64,59.67,6.5,0.0,60.0,66.0,0,1,0,Not Placed
STU0706,PG,MCA,69.95,62.03,9.21,9.8,73.0,58.0,1,3,1,Placed
STU0707,UG,BCA,43.75,88.61,7.39,0.0,100.0,37.0,0,2,0,Placed
STU0708,PG,MCA,77.39,92.11,6.43,6.03,71.0,50.0,0,4,1,Placed
STU0709,UG,BCA,80.24,68.67,8.7,0.0,80.0,72.0,0,3,0,Not Placed
STU0710,UG,BCA,79.85,72.64,7.16,0.0,92.0,75.0,1,4,0,Placed
STU0711,PG,MCA,89.83,59.34,8.41,8.84,74.0,65.0,1,3,0,Placed
STU0712,UG,BTech,62.15,88.42,7.15,0.0,78.0,86.0,0,3,0,Placed
STU0713,UG,BCA,83.16,81.32,7.43,0.0,72.0,72.0,1,2,2,Not Placed
STU0714,UG,BTech,89.31,99.0,8.09,0.0,90.0,52.0,0,3,0,Placed
STU0715,UG,BTech,53.66,59.7,7.85,0.0,78.0,60.0,1,2,0,Placed
STU0716,PG,Others,78.84,66.71,5.11,5.0,29.0,40.0,0,1,1,Not Placed
STU0717,PG,MCA,68.95,75.24,6.15,6.55,67.0,63.0,0,2,0,Placed
STU0718,PG,MBA,74.02,81.05,8.62,9.02,100.0,85.0,1,2,0,Placed
STU0719,UG,Others,79.17,68.98,7.34,0.0,73.0,77.0,0,3,0,Not Placed
STU0720,PG,MCA,69.15,59.78,6.87,7.1,83.0,90.0,1,3,1,Placed
STU0721,PG,MCA,66.89,84.34,5.87,5.27,43.0,60.0,0,1,5,Not Placed
STU0722,UG,BTech,75.41,82.1,6.2,0.0,62.0,89.0,1,1,5,Not Placed
STU0723,UG,BTech,61.95,59.17,5.07,0.0,41.0,62.0,0,0,2,Not Placed
STU0724,PG,MCA,61.97,90.98,7.38,7.53,87.0,91.0,1,4,0,Placed
STU0725,UG,BCA,83.15,88.38,6.78,0.0,68.0,65.0,1,0,0,Not Placed
STU0726,PG,MCA,61.21,73.88,6.34,5.63,74.0,78.0,0,3,5,Not Placed
STU0727,UG,BTech,83.0,73.11,7.42,0.0,91.0,92.0,1,5,1,Placed
STU0728,PG,Others,80.55,79.76,7.94,7.79,90.0,62.0,0,4,0,Placed
STU0729,UG,BCA,54.29,59.94,9.8,0.0,100.0,69.0,1,4,0,Placed
STU0730,UG,BCA,66.87,72.42,5.69,0.0,42.0,88.0,0,1,2,Not Placed
STU0731,UG,BTech,89.33,41.87,8.89,0.0,89.0,63.0,1,3,1,Placed
STU0732,PG,MBA,63.23,84.27,8.67,9.29,85.0,41.0,1,3,0,Placed
STU0733,UG,BTech,69.43,50.14,6.57,0.0,61.0,100.0,2,2,1,Placed
STU0734,UG,BTech,80.54,93.05,7.74,0.0,72.0,57.0,1,3,0,Placed
STU0735,UG,BTech,84.4,67.38,6.95,0.0,55.0,68.0,1,3,0,Placed
STU0736,PG,MBA,71.98,69.04,7.72,8.2,53.0,86.0,1,1,0,Placed
STU0737,UG,BTech,67.83,63.21,9.31,0.0,83.0,54.0,2,4,1,Placed
STU0738,PG,MCA,92.07,67.97,8.23,8.24,85.0,47.0,1,4,0,Placed
STU0739,UG,BTech,95.87,91.86,8.11,0.0,61.0,70.0,0,0,0,Not Placed
STU0740,UG,BTech,86.75,40.0,6.98,0.0,70.0,33.0,2,1,0,Placed
STU0741,UG,BCA,76.02,89.88,5.72,0.0,86.0,60.0,1,2,1,Not Placed
STU0742,UG,BCA,65.3,76.73,7.25,0.0,88.0,69.0,2,4,0,Placed
STU0743,PG,MBA,65.03,55.1,8.95,8.37,100.0,60.0,2,2,0,Placed
STU0744,UG,BTech,81.27,56.95,5.67,0.0,63.0,37.0,0,1,1,Not Placed
STU0745,UG,BTech,80.02,95.47,6.23,0.0,80.0,94.0,1,4,4,Not Placed
STU0746,PG,MTech,91.82,58.76,7.65,8.04,70.0,67.0,0,1,0,Not Placed
STU0747,UG,BTech,82.81,55.85,6.32,0.0,54.0,91.0,0,2,1,Not Placed
STU0748,UG,BTech,56.96,87.92,6.55,0.0,24.0,60.0,0,1,2,Not Placed
STU0749,PG,MBA,87.62,76.74,6.99,7.0,88.0,49.0,1,3,0,Placed
STU0750,UG,BTech,63.02,58.87,5.86,0.0,82.0,70.0,0,3,1,Not Placed
STU0751,UG,BTech,70.39,75.03,6.33,0.0,55.0,61.0,0,2,1,Not Placed
STU0752,PG,MCA,78.0,57.64,8.34,6.95,80.0,44.0,1,3,0,Placed
STU0753,UG,BTech,98.95,87.41,5.93,0.0,48.0,91.0,0,0,3,Not Placed
STU0754,UG,BTech,99.0,86.86,5.58,0.0,62.0,54.0,0,1,2,Not Placed
STU0755,UG,Others,82.28,79.45,6.74,0.0,84.0,32.0,0,4,1,Not Placed
STU0756,PG,MBA,72.8,77.06,8.38,8.85,62.0,89.0,0,1,0,Placed
STU0757,UG,Others,81.41,96.66,7.26,0.0,79.0,56.0,1,3,0,Placed
STU0758,UG,BTech,85.65,72.0,6.94,0.0,65.0,54.0,0,2,1,Not Placed
STU0759,PG,MCA,71.15,55.45,7.55,7.54,77.0,33.0,3,3,0,Placed
STU0760,PG,MTech,96.54,78.29,5.41,6.13,68.0,96.0,1,1,5,Not Placed
STU0761,UG,BTech,77.76,99.0,8.09,0.0,78.0,42.0,0,3,0,Placed
STU0762,UG,BCA,80.97,57.79,7.96,0.0,78.0,66.0,0,5,0,Placed
STU0763,UG,BTech,82.99,66.94,7.01,0.0,67.0,81.0,1,0,0,Not Placed
STU0764,PG,MTech,80.06,77.83,8.71,8.05,100.0,73.0,1,5,0,Placed
STU0765,UG,BTech,85.07,71.25,6.15,0.0,68.0,64.0,0,0,1,Not Placed
STU0766,UG,BTech,67.59,58.25,8.85,0.0,92.0,34.0,0,5,0,Placed
STU0767,PG,MBA,68.3,87.71,7.69,5.78,58.0,50.0,2,3,0,Placed
STU0768,PG,MTech,61.8,99.0,7.1,7.27,67.0,68.0,0,0,0,Not Placed
STU0769,UG,BTech,80.27,74.75,7.48,0.0,88.0,51.0,0,3,0,Not Placed
STU0770,PG,MCA,84.35,59.34,7.37,7.54,76.0,69.0,2,3,0,Placed
STU0771,UG,BTech,80.49,50.31,8.96,0.0,99.0,77.0,1,2,2,Not Placed
STU0772,PG,MBA,95.09,75.61,6.21,5.2,89.0,82.0,0,3,1,Placed
STU0773,UG,BCA,74.93,87.45,6.58,0.0,81.0,43.0,1,3,2,Not Placed
STU0774,UG,Others,83.02,78.65,8.74,0.0,89.0,100.0,0,3,0,Placed
STU0775,PG,MBA,61.9,71.97,6.79,6.2,60.0,79.0,1,1,0,Placed
STU0776,UG,BTech,70.35,63.75,8.58,0.0,47.0,65.0,1,1,0,Not Placed
STU0777,UG,BCA,83.35,56.71,9.54,0.0,93.0,85.0,2,2,0,Placed
STU0778,PG,MTech,85.19,83.69,7.02,8.67,82.0,100.0,3,3,0,Placed
STU0779,PG,MCA,71.47,84.79,8.32,8.14,89.0,39.0,2,3,0,Placed
STU0780,UG,BCA,74.14,50.36,6.12,0.0,59.0,61.0,2,1,1,Not Placed
STU0781,UG,BTech,56.79,94.26,8.41,0.0,79.0,22.0,1,4,0,Placed
STU0782,UG,Others,70.72,80.04,7.74,0.0,51.0,68.0,0,2,0,Not Placed
STU0783,UG,BTech,85.68,91.59,8.07,0.0,67.0,72.0,1,0,0,Not Placed
STU0784,UG,BCA,81.9,53.21,6.73,0.0,74.0,64.0,1,4,0,Placed
STU0785,UG,BCA,81.01,52.88,5.51,0.0,81.0,53.0,2,4,1,Placed
STU0786,PG,MBA,75.6,69.91,8.1,8.54,84.0,28.0,0,2,0,Placed
STU0787,UG,BCA,75.08,79.04,5.02,0.0,55.0,72.0,2,2,2,Not Placed
STU0788,UG,BCA,67.08,97.15,7.12,0.0,85.0,91.0,2,3,0,Placed
STU0789,UG,BTech,83.39,81.89,8.63,0.0,74.0,54.0,3,3,0,Placed
STU0790,PG,MTech,80.05,68.6,7.73,7.34,83.0,73.0,2,2,0,Placed
STU0791,UG,BTech,80.9,57.63,9.8,0.0,87.0,37.0,0,3,0,Placed
STU0792,UG,BCA,68.69,89.22,8.73,0.0,100.0,73.0,0,3,1,Placed
STU0793,UG,BTech,49.16,58.49,6.72,0.0,69.0,58.0,0,1,0,Not Placed
STU0794,UG,BCA,88.17,94.8,7.53,0.0,80.0,51.0,0,4,0,Placed
STU0795,UG,BTech,69.25,68.02,7.44,0.0,63.0,51.0,1,1,0,Not Placed
STU0796,PG,MCA,64.65,94.27,5.6,5.0,67.0,58.0,2,1,1,Placed
STU0797,PG,MBA,83.32,81.51,6.37,6.27,95.0,72.0,2,2,3,Not Placed
STU0798,UG,BTech,70.3,70.08,6.83,0.0,53.0,41.0,1,1,2,Not Placed
STU0799,UG,BTech,87.72,64.73,5.06,0.0,46.0,58.0,0,1,1,Not Placed
STU0800,PG,MCA,82.4,67.23,7.56,7.4,79.0,64.0,0,5,0,Placed
STU0801,PG,Others,83.2,78.0,7.2,6.96,84.0,45.0,0,4,0,Placed
STU0802,UG,BCA,58.61,73.08,5.49,0.0,47.0,97.0,0,1,3,Not Placed
STU0803,UG,BTech,89.54,63.69,7.99,0.0,37.0,50.0,1,3,1,Not Placed
STU0804,UG,BTech,78.14,69.68,8.36,0.0,100.0,53.0,0,2,0,Placed
STU0805,UG,BTech,70.57,73.1,7.77,0.0,89.0,47.0,0,3,0,Not Placed
STU0806,PG,MBA,76.72,42.2,7.11,7.04,45.0,97.0,0,2,0,Placed
STU0807,PG,MBA,53.69,78.41,8.21,8.37,75.0,75.0,1,4,0,Placed
STU0808,PG,MCA,79.9,58.28,8.32,8.23,100.0,48.0,1,2,0,Placed
STU0809,UG,BTech,62.65,55.85,7.87,0.0,100.0,85.0,1,3,1,Placed
STU0810,UG,BTech,58.77,48.38,6.51,0.0,79.0,69.0,1,3,0,Placed
STU0811,PG,MBA,56.73,46.89,7.83,7.07,76.0,70.0,3,3,0,Placed
STU0812,PG,MBA,88.35,53.02,8.93,9.22,93.0,59.0,0,2,0,Placed
STU0813,UG,BTech,67.45,62.07,6.78,0.0,66.0,52.0,1,1,0,Not Placed
STU0814,PG,MCA,93.4,99.0,9.8,8.63,100.0,71.0,1,2,0,Placed
STU0815,PG,MCA,68.57,64.64,6.87,5.64,56.0,55.0,1,1,0,Placed
STU0816,UG,Others,54.51,74.49,7.54,0.0,63.0,98.0,2,1,0,Placed
STU0817,UG,BTech,61.6,77.61,6.69,0.0,82.0,42.0,0,4,0,Not Placed
STU0818,UG,BCA,89.83,73.83,7.77,0.0,77.0,93.0,1,3,1,Placed
STU0819,UG,BCA,73.13,70.92,5.41,0.0,75.0,63.0,0,3,2,Not Placed
STU0820,UG,BTech,68.42,55.27,6.84,0.0,58.0,70.0,1,0,0,Not Placed
STU0821,PG,MCA,76.92,92.31,6.19,6.63,65.0,80.0,0,1,0,Placed
STU0822,UG,BTech,81.02,97.3,7.66,0.0,63.0,54.0,0,1,0,Not Placed
STU0823,UG,BCA,88.41,48.44,8.69,0.0,87.0,81.0,1,2,0,Placed
STU0824,UG,BCA,92.38,57.66,8.28,0.0,61.0,20.0,1,1,1,Not Placed
STU0825,UG,BCA,70.68,68.08,4.65,0.0,39.0,52.0,0,2,1,Not Placed
STU0826,PG,MTech,59.09,58.5,9.8,9.8,76.0,48.0,1,3,0,Placed
STU0827,UG,BTech,70.04,79.08,7.85,0.0,89.0,42.0,1,4,0,Placed
STU0828,UG,Others,78.12,61.8,6.57,0.0,76.0,61.0,0,3,0,Not Placed
STU0829,PG,MBA,63.43,99.0,7.69,7.66,51.0,72.0,1,1,0,Placed
STU0830,UG,BTech,63.51,88.67,7.71,0.0,97.0,78.0,1,3,1,Placed
STU0831,UG,Others,79.13,74.98,6.7,0.0,100.0,69.0,1,4,0,Placed
STU0832,UG,BCA,74.42,86.38,7.74,0.0,78.0,53.0,0,4,0,Placed
STU0833,UG,BTech,75.39,87.48,6.77,0.0,58.0,72.0,0,1,0,Not Placed
STU0834,UG,BCA,65.9,64.1,7.01,0.0,100.0,67.0,1,4,0,Placed
STU0835,UG,BCA,72.24,60.57,6.68,0.0,47.0,82.0,2,0,0,Not Placed
STU0836,UG,BCA,63.91,73.09,5.78,0.0,58.0,79.0,1,0,2,Not Placed
STU0837,PG,MCA,85.68,84.06,7.68,6.84,79.0,66.0,0,3,0,Placed
STU0838,UG,BTech,87.42,73.95,8.2,0.0,100.0,49.0,1,4,1,Placed
STU0839,UG,Others,52.85,49.92,8.12,0.0,87.0,53.0,2,3,0,Placed
STU0840,UG,BTech,63.85,60.76,8.48,0.0,77.0,55.0,0,2,0,Not Placed
STU0841,UG,BTech,57.04,70.96,7.89,0.0,65.0,59.0,3,1,0,Placed
STU0842,UG,BTech,67.2,70.94,6.86,0.0,63.0,70.0,2,1,0,Placed
STU0843,UG,BTech,74.0,99.0,8.51,0.0,70.0,78.0,0,3,1,Not Placed
STU0844,PG,MBA,57.6,52.6,5.87,5.45,59.0,64.0,2,0,2,Not Placed
STU0845,UG,Others,63.94,79.08,6.42,0.0,56.0,65.0,0,3,1,Not Placed
STU0846,UG,BTech,62.95,92.85,6.34,0.0,41.0,68.0,2,0,1,Not Placed
STU0847,UG,BTech,77.49,99.0,8.8,0.0,100.0,56.0,1,3,0,Placed
STU0848,PG,MCA,75.83,66.34,8.63,8.47,79.0,48.0,1,3,0,Placed
STU0849,UG,BCA,66.34,78.88,8.08,0.0,62.0,33.0,1,3,0,Placed
STU0850,UG,BCA,77.12,79.98,8.79,0.0,85.0,52.0,1,2,0,Placed
STU0851,UG,BTech,68.44,74.74,6.44,0.0,65.0,74.0,0,1,1,Not Placed
STU0852,PG,MBA,71.74,70.62,7.92,6.96,53.0,52.0,1,2,0,Placed
STU0853,UG,BCA,95.08,78.1,7.35,0.0,78.0,61.0,0,2,0,Placed
STU0854,PG,MBA,91.09,40.0,8.52,8.08,69.0,73.0,0,0,1,Placed
STU0855,UG,Others,59.41,81.55,7.36,0.0,99.0,74.0,0,4,0,Placed
STU0856,UG,BTech,84.96,73.77,7.04,0.0,78.0,46.0,1,4,1,Not Placed
STU0857,UG,BCA,84.74,68.89,8.15,0.0,76.0,83.0,0,5,0,Placed
STU0858,UG,BTech,61.22,99.0,8.55,0.0,74.0,85.0,0,3,0,Not Placed
STU0859,UG,BCA,84.83,62.55,6.7,0.0,65.0,45.0,0,1,0,Not Placed
STU0860,UG,BCA,93.46,66.36,7.43,0.0,83.0,50.0,0,4,0,Not Placed
STU0861,PG,MBA,61.53,99.0,6.23,6.62,66.0,86.0,1,1,1,Placed
STU0862,UG,BCA,63.99,60.35,4.5,0.0,42.0,62.0,3,3,4,Not Placed
STU0863,UG,BTech,87.21,64.3,7.74,0.0,78.0,25.0,0,3,0,Placed
STU0864,UG,BTech,78.26,69.94,8.23,0.0,73.0,40.0,2,3,0,Placed
STU0865,UG,Others,81.62,83.77,7.81,0.0,73.0,61.0,1,3,0,Placed
STU0866,UG,Others,79.09,74.91,5.16,0.0,20.0,44.0,1,1,2,Not Placed
STU0867,UG,BTech,79.69,53.9,7.08,0.0,85.0,58.0,1,4,0,Not Placed
STU0868,UG,BTech,59.08,64.55,4.84,0.0,53.0,66.0,2,1,2,Not Placed
STU0869,PG,MCA,87.57,63.5,9.14,9.8,86.0,91.0,0,2,0,Placed
STU0870,PG,MBA,89.04,70.92,6.2,5.95,90.0,60.0,1,4,2,Placed
STU0871,UG,BCA,72.25,77.96,9.01,0.0,91.0,84.0,1,3,0,Not Placed
STU0872,UG,BTech,74.48,77.85,8.64,0.0,71.0,91.0,1,5,0,Placed
STU0873,UG,BTech,56.63,47.14,6.42,0.0,77.0,91.0,2,2,3,Not Placed
STU0874,UG,BCA,81.17,86.9,6.14,0.0,67.0,70.0,0,0,1,Not Placed
STU0875,UG,BCA,81.86,75.54,7.92,0.0,85.0,30.0,1,2,0,Not Placed
STU0876,UG,BTech,74.25,91.38,6.49,0.0,59.0,73.0,1,1,4,Not Placed
STU0877,PG,MTech,88.49,78.22,7.62,8.07,87.0,84.0,0,2,0,Placed
STU0878,UG,BTech,70.99,87.42,6.92,0.0,65.0,64.0,0,0,0,Not Placed
STU0879,UG,BTech,81.78,78.53,5.36,0.0,62.0,96.0,1,0,3,Not Placed
STU0880,UG,BTech,62.76,90.85,4.82,0.0,20.0,80.0,2,1,1,Not Placed
STU0881,UG,BCA,74.72,79.31,7.77,0.0,71.0,75.0,1,5,2,Placed
STU0882,UG,BCA,72.91,70.63,6.83,0.0,94.0,85.0,2,3,1,Placed
STU0883,UG,BCA,77.7,99.0,6.84,0.0,57.0,71.0,1,0,0,Not Placed
STU0884,UG,BCA,70.57,84.45,8.34,0.0,74.0,20.0,0,4,0,Not Placed
STU0885,PG,MCA,73.42,80.03,8.91,7.76,82.0,56.0,0,3,1,Placed
STU0886,UG,BTech,84.91,54.13,7.17,0.0,53.0,87.0,0,0,0,Not Placed
STU0887,UG,BTech,69.76,53.96,7.09,0.0,38.0,50.0,0,2,0,Not Placed
STU0888,UG,BTech,55.72,76.1,8.1,0.0,78.0,61.0,0,5,0,Placed
STU0889,UG,BCA,96.0,74.04,5.87,0.0,61.0,46.0,1,1,1,Not Placed
STU0890,UG,Others,91.58,63.4,7.77,0.0,77.0,97.0,1,5,0,Placed
STU0891,PG,MCA,59.49,73.97,8.16,8.56,83.0,95.0,0,2,2,Not Placed
STU0892,PG,MTech,83.28,94.24,8.32,7.84,84.0,49.0,0,4,0,Placed
STU0893,PG,MBA,68.96,81.74,5.18,5.36,69.0,68.0,0,0,3,Not Placed
STU0894,UG,BTech,78.16,56.03,6.59,0.0,63.0,53.0,1,0,0,Not Placed
STU0895,UG,BTech,78.53,70.44,6.45,0.0,56.0,76.0,0,2,3,Not Placed
STU0896,UG,BCA,72.19,60.73,7.62,0.0,72.0,74.0,0,3,0,Not Placed
STU0897,UG,BCA,65.59,66.57,8.08,0.0,89.0,80.0,2,3,0,Placed
STU0898,PG,MCA,66.71,66.21,9.3,9.15,100.0,71.0,2,3,0,Placed
STU0899,UG,BTech,64.01,65.31,6.91,0.0,60.0,100.0,0,1,1,Not Placed
STU0900,UG,BCA,65.02,54.43,6.9,0.0,70.0,46.0,1,0,0,Placed
STU0901,UG,BTech,74.19,70.21,8.88,0.0,94.0,34.0,0,4,0,Placed
STU0902,UG,BTech,66.41,64.15,7.86,0.0,64.0,58.0,1,1,0,Placed
STU0903,UG,BCA,83.18,40.0,9.02,0.0,91.0,37.0,1,4,0,Placed
STU0904,UG,BTech,92.85,99.0,7.85,0.0,57.0,38.0,0,2,0,Not Placed
STU0905,UG,BCA,68.04,87.24,6.11,0.0,35.0,47.0,1,1,1,Not Placed
STU0906,PG,MCA,77.87,66.73,5.9,6.69,72.0,48.0,0,3,1,Not Placed
STU0907,PG,Others,81.0,72.26,5.64,5.12,51.0,48.0,0,2,1,Placed
STU0908,UG,BTech,80.66,55.6,8.29,0.0,86.0,74.0,0,4,0,Placed
STU0909,UG,BTech,75.91,95.74,8.93,0.0,89.0,56.0,1,3,0,Placed
STU0910,UG,BTech,83.91,98.56,9.72,0.0,83.0,62.0,0,4,0,Placed
STU0911,UG,BTech,80.79,74.19,8.51,0.0,84.0,81.0,0,2,0,Placed
STU0912,UG,BCA,60.15,86.33,8.9,0.0,71.0,51.0,0,3,1,Not Placed
STU0913,UG,Others,85.43,74.45,6.8,0.0,89.0,60.0,0,2,0,Not Placed
STU0914,UG,BTech,85.65,53.29,6.11,0.0,41.0,72.0,1,2,2,Not Placed
STU0915,UG,BTech,65.84,66.23,8.52,0.0,82.0,30.0,0,4,0,Not Placed
STU0916,UG,BCA,75.46,73.85,8.0,0.0,64.0,22.0,0,2,0,Placed
STU0917,UG,BCA,83.2,65.64,7.63,0.0,85.0,71.0,1,3,0,Placed
STU0918,PG,MTech,72.49,68.94,7.96,8.34,78.0,74.0,1,3,0,Placed
STU0919,PG,MCA,87.88,70.72,7.89,7.72,71.0,100.0,2,4,0,Placed
STU0920,UG,BTech,99.0,70.87,9.04,0.0,100.0,68.0,1,4,0,Placed
STU0921,PG,MBA,65.57,72.73,9.05,8.96,91.0,80.0,0,4,0,Placed
STU0922,UG,BTech,58.43,57.15,8.15,0.0,89.0,61.0,1,4,0,Placed
STU0923,PG,MBA,78.65,61.96,8.51,8.4,70.0,70.0,1,3,0,Placed
STU0924,PG,MCA,83.66,54.02,8.12,7.61,60.0,95.0,0,0,1,Placed
STU0925,UG,BCA,72.23,85.69,6.95,0.0,71.0,27.0,2,2,0,Not Placed
STU0926,UG,BTech,92.44,42.52,8.41,0.0,79.0,72.0,0,3,0,Placed
STU0927,UG,BTech,58.94,88.15,5.83,0.0,68.0,100.0,3,0,4,Not Placed
STU0928,UG,BTech,83.32,91.41,8.76,0.0,86.0,70.0,2,3,0,Placed
STU0929,UG,BCA,67.73,67.77,6.07,0.0,64.0,95.0,1,1,1,Not Placed
STU0930,UG,BTech,95.63,40.0,7.84,0.0,54.0,54.0,2,0,0,Not Placed
STU0931,UG,BTech,98.91,66.94,6.49,0.0,93.0,64.0,1,2,1,Not Placed
STU0932,PG,MTech,65.8,71.1,8.16,8.15,79.0,66.0,0,2,0,Placed
STU0933,PG,MTech,68.41,57.85,7.46,7.42,85.0,25.0,1,3,0,Placed
STU0934,UG,BCA,85.32,64.79,5.59,0.0,43.0,44.0,0,0,4,Not Placed
STU0935,UG,BCA,70.35,93.42,8.0,0.0,85.0,45.0,0,4,0,Not Placed
STU0936,UG,BCA,74.46,81.31,6.81,0.0,49.0,80.0,1,0,0,Not Placed
STU0937,UG,BTech,75.3,59.06,8.56,0.0,92.0,81.0,0,5,0,Placed
STU0938,PG,MBA,51.96,49.63,7.5,7.64,71.0,71.0,0,4,0,Placed
STU0939,UG,BTech,74.83,67.42,7.97,0.0,80.0,80.0,1,4,0,Placed
STU0940,UG,BTech,66.72,69.01,6.35,0.0,74.0,62.0,2,3,4,Not Placed
STU0941,UG,BTech,69.08,78.95,6.79,0.0,49.0,87.0,0,1,1,Not Placed
STU0942,UG,BTech,92.32,64.51,6.95,0.0,59.0,65.0,0,1,2,Not Placed
STU0943,UG,BCA,59.92,79.16,8.53,0.0,92.0,66.0,0,3,0,Placed
STU0944,PG,MBA,84.76,99.0,9.51,9.56,100.0,60.0,1,4,0,Placed
STU0945,UG,BCA,71.65,83.42,6.53,0.0,63.0,77.0,0,2,0,Not Placed
STU0946,UG,BTech,71.64,71.33,8.79,0.0,97.0,57.0,1,3,0,Not Placed
STU0947,UG,BTech,84.48,69.44,4.9,0.0,47.0,83.0,0,1,3,Not Placed
STU0948,PG,MCA,79.08,67.01,6.07,6.55,95.0,45.0,0,5,0,Placed
STU0949,PG,MCA,81.85,88.53,6.35,6.9,43.0,45.0,2,1,0,Placed
STU0950,UG,BTech,86.62,63.22,5.88,0.0,60.0,77.0,0,1,3,Not Placed
STU0951,UG,BTech,71.02,72.63,5.6,0.0,32.0,63.0,1,1,2,Not Placed
STU0952,UG,BTech,67.65,72.72,8.0,0.0,42.0,57.0,0,1,0,Not Placed
STU0953,UG,BTech,61.98,64.98,7.24,0.0,77.0,81.0,1,3,0,Placed
STU0954,PG,MBA,65.1,52.79,7.96,7.33,82.0,54.0,1,4,0,Placed
STU0955,UG,Others,99.0,76.52,8.33,0.0,79.0,61.0,0,3,0,Placed
STU0956,UG,Others,89.94,71.15,7.82,0.0,77.0,90.0,0,5,0,Placed
STU0957,UG,BCA,58.79,79.0,8.29,0.0,100.0,93.0,0,3,0,Placed
STU0958,UG,BTech,59.13,64.53,7.42,0.0,70.0,93.0,1,0,0,Placed
STU0959,UG,BCA,80.78,89.09,6.08,0.0,68.0,60.0,1,1,1,Not Placed
STU0960,PG,MBA,81.57,59.73,8.77,9.29,83.0,87.0,1,4,0,Placed
STU0961,UG,BTech,81.59,95.97,6.79,0.0,72.0,48.0,1,5,0,Placed
STU0962,UG,BTech,71.94,47.53,6.38,0.0,60.0,49.0,0,2,4,Not Placed
STU0963,UG,BCA,73.49,78.09,7.29,0.0,67.0,23.0,0,1,0,Not Placed
STU0964,UG,BTech,78.93,78.66,6.4,0.0,91.0,95.0,0,4,1,Not Placed
STU0965,UG,BTech,76.03,60.86,7.0,0.0,88.0,49.0,0,4,0,Placed
STU0966,UG,BTech,48.37,77.94,7.91,0.0,81.0,63.0,0,3,0,Not Placed
STU0967,PG,MCA,72.24,89.91,7.92,7.21,45.0,49.0,1,2,0,Not Placed
STU0968,UG,BTech,64.78,40.96,6.42,0.0,59.0,78.0,1,1,1,Not Placed
STU0969,UG,BTech,77.1,79.04,6.91,0.0,100.0,58.0,2,3,0,Placed
STU0970,UG,BTech,99.0,40.0,8.79,0.0,84.0,42.0,0,3,0,Placed
STU0971,UG,BTech,79.41,58.48,8.1,0.0,98.0,73.0,1,3,0,Placed
STU0972,PG,MBA,71.24,94.81,9.8,9.8,100.0,39.0,2,3,0,Placed
STU0973,PG,MCA,86.06,63.86,8.92,9.29,96.0,50.0,1,3,0,Placed
STU0974,UG,BTech,80.79,55.57,8.87,0.0,76.0,27.0,0,2,0,Not Placed
STU0975,UG,BTech,80.04,69.23,5.83,0.0,22.0,39.0,0,1,2,Not Placed
STU0976,UG,Others,82.28,99.0,8.42,0.0,94.0,68.0,0,3,0,Not Placed
STU0977,UG,BTech,99.0,46.36,7.44,0.0,62.0,30.0,0,2,0,Not Placed
STU0978,UG,BTech,61.43,57.28,6.84,0.0,71.0,38.0,1,2,1,Not Placed
STU0979,UG,BCA,80.68,92.96,7.7,0.0,58.0,65.0,0,1,0,Not Placed
STU0980,UG,BCA,63.88,98.01,8.63,0.0,82.0,55.0,0,3,0,Not Placed
STU0981,UG,BTech,81.67,70.55,8.1,0.0,82.0,100.0,1,4,1,Not Placed
STU0982,PG,MBA,63.98,54.65,6.45,5.3,69.0,98.0,1,0,1,Not Placed
STU0983,UG,BTech,69.99,99.0,8.39,0.0,67.0,49.0,1,1,0,Not Placed
STU0984,UG,BTech,71.46,94.32,6.73,0.0,85.0,75.0,1,3,0,Placed
STU0985,PG,MCA,86.71,81.51,7.76,7.82,69.0,78.0,0,0,0,Placed
STU0986,UG,BTech,86.02,60.63,7.14,0.0,46.0,54.0,0,3,0,Not Placed
STU0987,UG,BCA,60.05,71.31,7.24,0.0,71.0,38.0,0,2,2,Not Placed
STU0988,UG,BTech,75.66,69.75,8.42,0.0,85.0,65.0,1,4,0,Placed
STU0989,UG,BTech,66.49,76.63,6.25,0.0,65.0,62.0,2,1,1,Placed
STU0990,PG,MBA,59.9,92.31,9.8,9.52,100.0,57.0,0,4,1,Placed
STU0991,PG,MBA,72.4,84.31,5.31,5.0,50.0,73.0,1,1,3,Not Placed
STU0992,UG,BTech,71.3,56.92,6.78,0.0,66.0,51.0,0,0,0,Not Placed
STU0993,UG,BCA,99.0,91.27,7.94,0.0,63.0,44.0,1,0,1,Not Placed
STU0994,UG,BTech,80.2,76.38,8.2,0.0,94.0,67.0,0,5,0,Placed
STU0995,UG,BCA,58.47,81.62,7.38,0.0,77.0,72.0,0,3,0,Placed
STU0996,UG,BCA,68.22,92.53,7.43,0.0,68.0,44.0,2,0,0,Not Placed
STU0997,PG,Others,87.26,56.44,7.99,8.8,59.0,82.0,1,3,0,Placed
STU0998,UG,BTech,99.0,71.5,7.22,0.0,94.0,33.0,1,3,0,Placed
STU0999,PG,MCA,55.97,64.56,9.17,8.78,73.0,55.0,0,3,0,Placed
STU1000,UG,BTech,52.44,50.05,8.51,0.0,76.0,60.0,0,2,2,Not Placed
